[{"published_date": "2020-06-03", "url": "https://www.foxnews.com/sports/sacramento-kings-announcer-out-following-all-lives-matter-tweet", "headline": "Sacramento Kings announcer Grant Napear out following 'All Lives ..."}, {"published_date": "2020-06-08", "url": "https://www.foxnews.com/entertainment/pink-all-lives-matter-comments-protest-photo", "headline": "Pink slams 'all lives matter' critics in the comments of her protest ..."}, {"published_date": "2020-07-01", "url": "https://www.foxnews.com/us/harvard-grad-stab-all-lives-matter-death-threats-joke", "headline": "Harvard grad says she'll 'stab' anyone who says 'all lives matter ..."}, {"published_date": "2020-06-02", "url": "https://www.foxnews.com/sports/sacramento-kings-broadcaster-grant-napear-placed-on-leave-after-all-lives-matter-tweet", "headline": "Sacramento Kings broadcaster Grant Napear placed on leave after ..."}, {"published_date": "2020-07-09", "url": "https://www.foxnews.com/us/vandals-alter-black-lives-matter-mural", "headline": "Vandals alter Black Lives Matter mural outside of Chicago to say 'All ..."}, {"published_date": "2020-07-10", "url": "https://www.foxnews.com/us/all-lives-matter-sign-melrose-investigated", "headline": "Melrose police investigate 'all lives matter' traffic sign: report | Fox ..."}, {"published_date": "2020-06-16", "url": "https://www.foxnews.com/opinion/tucker-carlson-black-lives-matter-is-working-to-remake-and-control-the-country-and-is-immune-from-criticism", "headline": "Tucker Carlson: Black Lives Matter is working to remake and control ..."}, {"published_date": "2020-06-01", "url": "https://www.foxnews.com/entertainment/pink-shuts-down-all-lives-matter-supporters-instagram", "headline": "Pink shuts down All Lives Matter commenters on Instagram: 'You ..."}, {"published_date": "2020-07-02", "url": "https://www.foxnews.com/us/dean-fired-after-saying-black-lives-matter-but-also-everyones-life-matters-in-email", "headline": "Dean fired after saying 'BLACK LIVES MATTER, but also ..."}, {"published_date": "2020-06-11", "url": "https://www.foxnews.com/us/black-lives-matter-southern-baptist", "headline": "Southern Baptist president calls for members to declare: 'Black lives ..."}, {"published_date": "2020-06-11", "url": "https://www.foxnews.com/us/black-lives-matter-southern-baptist", "headline": "Southern Baptist president calls for members to declare: 'Black lives ..."}, {"published_date": "2020-06-04", "url": "https://www.foxnews.com/entertainment/kate-beckinsale-hits-back-all-lives-matter-supporter", "headline": "Kate Beckinsale hits back at 'mean spirited' All Lives Matter ..."}, {"published_date": "2020-07-09", "url": "https://www.foxnews.com/opinion/all-black-lives-lost-should-matter-to-black-lives-matter-movement-ben-shapiro", "headline": "Ben Shapiro: All Black lives lost should matter to Black Lives Matter ..."}, {"published_date": "2020-06-17", "url": "https://www.foxnews.com/politics/lawmakers-bicker-after-swalwell-calls-on-republicans-to-say-black-lives-matter", "headline": "Lawmakers bicker after Swalwell calls on Republicans to say 'Black ..."}, {"published_date": "2020-06-11", "url": "https://www.foxnews.com/politics/democrats-radical-black-lives-matter-memo-resurfaces", "headline": "Dems' confidential 2015 memo cautioned about interactions with ..."}, {"published_date": "2020-07-08", "url": "https://www.foxnews.com/us/california-pair-charged-with-hate-crime-after-black-lives-matter-mural-cover-up-authorities", "headline": "California pair charged with hate crime after Black Lives Matter ..."}, {"published_date": "2020-07-02", "url": "https://www.foxnews.com/us/harvard-grad-blames-trump-supporters-after-stab-video-costs-her-deloitte-job", "headline": "Harvard grad blames Trump supporters after 'stab' video costs her ..."}, {"published_date": "2020-06-23", "url": "https://www.foxnews.com/media/allen-west-black-lives-matter-democrats-plantation", "headline": "Allen West bashes Black Lives Matter as 'overseers' of Democrats ..."}, {"published_date": "2020-06-09", "url": "https://www.foxnews.com/opinion/tucker-carlson-black-lives-matter-is-really-a-powerful-political-party-and-has-nothing-to-do-with-black-lives", "headline": "Tucker Carlson: Black Lives Matter is now a powerful political party ..."}, {"published_date": "2020-06-10", "url": "https://www.foxnews.com/politics/paul-krugman-professors-demand-top-economist-lose-his-job-for-criticizing-black-lives-matter", "headline": "Paul Krugman, professors seek top economist's removal from ..."}, {"published_date": "2020-07-10", "url": "https://www.foxnews.com/us/nyc-black-lives-matter-marches-can-continue-despite-large-event-ban-de-blasio-says", "headline": "NYC Black Lives Matter marches can continue despite large-event ..."}, {"published_date": "2020-06-09", "url": "https://www.foxnews.com/politics/de-blasio-nyc-will-paint-black-lives-matter-on-major-streets-in-all-5-boroughs", "headline": "De Blasio: NYC will paint 'Black Lives Matter' on major streets in all 5 ..."}, {"published_date": "2020-05-30", "url": "https://www.foxnews.com/entertainment/billie-eilish-rips-trump-tweets-minneapolis-protests-rant-bashing-white-privilege", "headline": "Billie Eilish rips Trump over tweets about Minneapolis protests, posts ..."}, {"published_date": "2020-06-04", "url": "https://www.foxnews.com/food-drink/florida-waitress-black-lives-matter-note-couple-bill", "headline": "Florida waitress writes uplifting 'Black Lives Matter' note on couple's ..."}, {"published_date": "2020-06-12", "url": "https://www.foxnews.com/politics/dc-mayor-sued-over-black-lives-matter-street-painting", "headline": "DC mayor sued over 'Black Lives Matter' street painting | Fox News"}, {"published_date": "2020-07-23", "url": "https://www.foxnews.com/sports/nationals-black-lives-matter-pitchers-mound-mlb-yankees", "headline": "Nationals to display Black Lives Matter stencil on pitcher's mound in ..."}, {"published_date": "2020-06-04", "url": "https://www.foxnews.com/entertainment/bachelor-victoria-fuller-past-white-lives-matter-controversy", "headline": "'Bachelor' star Victoria Fuller shares post addressing her past 'White ..."}, {"published_date": "2020-06-30", "url": "https://www.foxnews.com/us/black-lives-matter-mural-cleveland-vandalized", "headline": "Black Lives Matter mural in Cleveland vandalized by black ..."}, {"published_date": "2020-07-19", "url": "https://www.foxnews.com/us/nyc-black-woman-paint-more-black-lives-matter-murals-police", "headline": "Black woman dumps paint on more Black Lives Matter murals in ..."}, {"published_date": "2020-07-07", "url": "https://www.foxnews.com/media/don-lemon-terry-crews-black-lives-matter", "headline": "CNN's Don Lemon scolds Terry Crews, says Black Lives Matter is ..."}, {"published_date": "2020-06-18", "url": "https://www.foxnews.com/lifestyle/wedding-photographer-donate-deposit-bride-demand-refund-black-lives-matter", "headline": "Wedding photographer donates deposit after bride demands refund ..."}, {"published_date": "2020-06-04", "url": "https://www.foxnews.com/media/burgess-owens-drew-brees-cowards-and-marxists", "headline": "Ex-NFL player Burgess Owens bashes 'bullies' criticizing Drew ..."}, {"published_date": "2020-07-03", "url": "https://www.foxnews.com/opinion/harvard-grad-wrong-blame-firing-over-stab-video-on-trump-supporters-deserves-grace-allie-beth-stuckey", "headline": "Allie Beth Stuckey: Harvard grad wrong to blame firing over 'stab ..."}, {"published_date": "2020-07-10", "url": "https://www.foxnews.com/opinion/black-lives-matter-black-fatherhood-curtis-hill", "headline": "Curtis Hill: Black Lives Matter movement should prioritize Black ..."}, {"published_date": "2020-07-10", "url": "https://www.foxnews.com/politics/us-army-investigating-handout-white-supremacy", "headline": "US Army investigating handout calling 'Make America Great Again' a ..."}, {"published_date": "2020-06-08", "url": "https://www.foxnews.com/media/victor-davis-hanson-black-lives-matter-revolution", "headline": "Victor Davis Hanson warns protest leaders: 'Today's revolutionary ..."}, {"published_date": "2020-06-02", "url": "https://www.foxnews.com/lifestyle/beauty-blogger-apologizes-blackface-makeup-support-report", "headline": "Beauty blogger apologizes for blackface makeup to 'support' Black ..."}, {"published_date": "2020-06-08", "url": "https://www.foxnews.com/lifestyle/instagram-influencer-backlash-photoshoot-black-lives-matter", "headline": "Instagram influencer responds to backlash about Black Lives Matter ..."}, {"published_date": "2020-06-30", "url": "https://www.foxnews.com/media/heather-mac-donald-black-lives-matter-reckless", "headline": "Heather Mac Donald calls Black Lives Matter movement ..."}, {"published_date": "2020-07-01", "url": "https://www.foxnews.com/media/ben-carson-defends-terry-crews-black-lives-matter", "headline": "Ben Carson defends Terry Crews' Black Lives Matter critique: 'We ..."}, {"published_date": "2020-06-17", "url": "https://www.foxnews.com/us/cornell-professor-criticized-black-lives-matter-faces-student-boycott", "headline": "Cornell professor who criticized Black Lives Matter faces student ..."}, {"published_date": "2020-06-10", "url": "https://www.foxnews.com/entertainment/lisa-vanderpumps-restaurant-covered-black-lives-matter-messages", "headline": "Lisa Vanderpump's restaurant covered in Black Lives Matter ..."}, {"published_date": "2020-07-10", "url": "https://www.foxnews.com/opinion/protest-movement-fragility-woke-victor-davis-hanson", "headline": "Victor Davis Hanson: Our current protest movement and the fragility ..."}, {"published_date": "2020-06-30", "url": "https://www.foxnews.com/entertainment/simon-pegg-speaks-out-black-lives-matter-movement", "headline": "Simon Pegg speaks out in favor of the Black Lives Matter movement ..."}, {"published_date": "2020-06-01", "url": "https://www.foxnews.com/entertainment/black-out-tuesday-music-industry-response-george-floyd-death", "headline": "Music industry holding 'Black Out Tuesday' in response to George ..."}, {"published_date": "2020-06-24", "url": "https://www.foxnews.com/media/mark-levin-fires-back-black-lives-matter", "headline": "Mark Levin fires back at Black Lives Matter leader: 'What exactly are ..."}, {"published_date": "2020-06-12", "url": "https://www.foxnews.com/politics/democrats-cheering-black-lives-matter-protests-now-say-trump-rallies-pose-coronavirus-risk", "headline": "Democrats cheering 'Black Lives Matter' protests now say Trump ..."}, {"published_date": "2020-06-22", "url": "https://www.foxnews.com/us/statue-monument-vandalized-torn-down-protest", "headline": "From George Washington to Ulysses S. Grant: Statues, monuments ..."}, {"published_date": "2020-06-07", "url": "https://www.foxnews.com/entertainment/victoria-beckham-support-black-lives-matter-fashion-industry-has-huge-role-to-play", "headline": "Victoria Beckham supports Black Lives Matter: 'Fashion industry has ..."}, {"published_date": "2020-06-25", "url": "https://www.foxnews.com/us/christian-figures-symbols-targeted-amid-black-lives-matter-protests", "headline": "Christian figures, symbols targeted amid ongoing protests | Fox News"}, {"published_date": "2020-07-08", "url": "https://www.foxnews.com/us/black-lives-matter-philadelphia-leader-abolish-police", "headline": "Black Lives Matter Philadelphia organizer proposes five-year plan to ..."}, {"published_date": "2020-07-09", "url": "https://www.foxnews.com/media/unearthed-don-lemon-clip-blasted-critics", "headline": "CNN's Don Lemon blasted for hypocrisy over unearthed 2013 clip ..."}, {"published_date": "2020-07-10", "url": "https://www.foxnews.com/opinion/black-lives-matter-police-justin-haskins", "headline": "Justin Haskins: If you believe Black lives matter, support more ..."}, {"published_date": "2020-06-28", "url": "https://www.foxnews.com/media/jamiel-shaw-murdered-illegal-immigrant-black-lives-matter-george-floyd", "headline": "Father of teen murdered by illegal immigrant says BLM ignored his ..."}, {"published_date": "2020-06-11", "url": "https://www.foxnews.com/media/chris-wallace-warning-cancel-culture", "headline": "Chris Wallace shares warning on 'cancel culture': It could turn ..."}, {"published_date": "2020-06-12", "url": "https://www.foxnews.com/us/black-lives-matter-protesters-seattle-chaz-hijacked-message", "headline": "Black Lives Matter protesters say Seattle's autonomous zone has ..."}, {"published_date": "2020-07-09", "url": "https://www.foxnews.com/media/geraldo-de-blasio-black-lives-matter-mural", "headline": "Geraldo Rivera, Leo Terrell rip 'shameful, spiteful' de Blasio over ..."}, {"published_date": "2020-06-15", "url": "https://www.foxnews.com/media/tucker-carlson-black-lives-matter-dangerous-moment", "headline": "Tucker: Black Lives Matter 'enjoys almost complete immunity from ..."}, {"published_date": "2020-06-17", "url": "https://www.foxnews.com/sports/premier-league-teams-take-knee-wear-black-lives-matter-jerseys", "headline": "Premier League teams take knee, wear 'Black Lives Matter' jerseys ..."}, {"published_date": "2020-06-17", "url": "https://www.foxnews.com/sports/premier-league-teams-take-knee-wear-black-lives-matter-jerseys", "headline": "Premier League teams take knee, wear 'Black Lives Matter' jerseys ..."}, {"published_date": "2020-07-14", "url": "https://www.foxnews.com/media/young-conservative-women-stand-liberal-mob-ingraham", "headline": "Young conservative women who went viral for standing up to liberal ..."}, {"published_date": "2020-06-03", "url": "https://www.foxnews.com/entertainment/pink-slams-trump-supporters", "headline": "Pink slams Trump supporters, says president doesn't 'represent half ..."}, {"published_date": "2020-06-10", "url": "https://www.foxnews.com/us/nj-prison-guard-george-floyd-reenactment-suspended", "headline": "NJ prison guard in George Floyd reenactment video suspended ..."}, {"published_date": "2020-06-22", "url": "https://www.foxnews.com/us/rice-university-black-house-statue-demolition-demands", "headline": "Rice University student group demands 'Black House,' better ID ..."}, {"published_date": "2020-07-09", "url": "https://www.foxnews.com/us/nyc-closes-5th-avenue-black-lives-matter-painting-trump-tower", "headline": "NYC closes 5th Avenue ahead of Black Lives Matter painting in front ..."}, {"published_date": "2020-06-15", "url": "https://www.foxnews.com/media/tucker-carlson-black-lives-matter-dangerous-moment", "headline": "Tucker: Black Lives Matter 'enjoys almost complete immunity from ..."}, {"published_date": "2020-07-06", "url": "https://www.foxnews.com/us/harvard-to-bring-as-many-as-40-percent-of-undergrads-to-campus-in-fall-but-most-will-stay-home", "headline": "Harvard to bring as many as 40 percent of undergrads to campus in ..."}, {"published_date": "2020-07-24", "url": "https://www.foxnews.com/sports/giants-sam-coonrod-kneel-black-lives-matter-faith-christian", "headline": "Giants' pitcher Sam Coonrod refuses to kneel during Black Lives ..."}, {"published_date": "2020-06-27", "url": "https://www.foxnews.com/entertainment/maher-blasts-oakland-mayor-other-guardians-of-gotcha-now-were-only-seeing-color", "headline": "Maher blasts Oakland mayor, other 'Guardians of Gotcha': 'Now we ..."}, {"published_date": "2020-07-19", "url": "https://www.foxnews.com/us/nypd-officer-injured-arrest-paint-black-lives-matter-mural-trump-tower", "headline": "NYPD officer injured during arrest of women smearing paint on ..."}, {"published_date": "2020-06-09", "url": "https://www.foxnews.com/politics/john-lewis-black-lives-matter-plaza-george-floyd", "headline": "John Lewis visits Black Lives Matter Plaza in DC, symbol of George ..."}, {"published_date": "2020-07-13", "url": "https://www.foxnews.com/media/dan-bongino-fox-friends-texas-police-ambush", "headline": "Dan Bongino on backlash to tweet by slain cop's daughter: 'We live ..."}, {"published_date": "2020-07-02", "url": "https://www.foxnews.com/us/catholic-priest-who-labeled-black-lives-matter-movement-and-organizers-maggots-and-parasites-in-church-newsletter-suspended", "headline": "Catholic priest who labeled Black Lives Matter movement and ..."}, {"published_date": "2020-06-28", "url": "https://www.foxnews.com/politics/black-lives-matter-activist-calls-for-black-people-do-not-trust-politicians", "headline": "Black Lives Matter leader calls for defunding police: 'Black people ..."}, {"published_date": "2020-07-01", "url": "https://www.foxnews.com/world/black-lives-matter-pushback-uk-defund-police", "headline": "Black Lives Matter meets pushback in Britain over 'Defund Police ..."}, {"published_date": "2020-06-11", "url": "https://www.foxnews.com/politics/conservative-group-asks-dc-mayor-for-permission-to-paint-their-own-message-on-street", "headline": "Conservative group asks DC mayor for permission to paint their own ..."}, {"published_date": "2020-06-14", "url": "https://www.foxnews.com/world/us-embassy-seoul-black-lives-matter-banner", "headline": "US Embassy in Seoul supports protests with Black Lives Matter ..."}, {"published_date": "2020-06-08", "url": "https://www.foxnews.com/media/charles-payne-amazon-black-lives-matter-bezos", "headline": "Charles Payne calls on Amazon to put 'money where their mouth is ..."}, {"published_date": "2020-06-26", "url": "https://www.foxnews.com/politics/black-lives-matter-fundraising", "headline": "Amid unrest, Black Lives Matter and other social justice groups see ..."}, {"published_date": "2020-06-26", "url": "https://www.foxnews.com/politics/black-lives-matter-fundraising", "headline": "Amid unrest, Black Lives Matter and other social justice groups see ..."}, {"published_date": "2020-06-06", "url": "https://www.foxnews.com/us/black-lives-matter-dc-says-liberal-mayor-consistently-on-the-wrong-side-of-blmdc-history", "headline": "DC activists say Dem mayor 'consistently on the wrong side' of Black ..."}, {"published_date": "2020-07-10", "url": "https://www.foxnews.com/transcript/rudy-giuliani-slams-new-york-city-mayor-bill-de-blasio-black-lives-matter-organization", "headline": "Rudy Giuliani slams New York City Mayor Bill de Blasio, Black Lives ..."}, {"published_date": "2020-06-04", "url": "https://www.foxnews.com/entertainment/kanye-west-college-fund-george-floyd-daughter-donates-2-million-charities", "headline": "Kanye West launches college fund for George Floyd's daughter ..."}, {"published_date": "2020-07-01", "url": "https://www.foxnews.com/politics/trump-blasts-de-blasio-for-plans-to-paint-black-lives-matter-in-front-of-trump-tower", "headline": "Trump blasts de Blasio for plans to paint 'Black Lives Matter' in front ..."}, {"published_date": "2020-06-10", "url": "https://www.foxnews.com/entertainment/netflix-launches-black-lives-matter-collection", "headline": "Netflix launches Black Lives Matter collection of films and TV shows ..."}, {"published_date": "2020-06-05", "url": "https://www.foxnews.com/lifestyle/north-carolina-couple-engaged-black-lives-matter-protest-love", "headline": "North Carolina couple gets engaged at Black Lives Matter protest ..."}, {"published_date": "2020-07-20", "url": "https://www.foxnews.com/media/herschel-walker-mark-cuban-black-lives-matter-nfl-nba", "headline": "Herschel Walker, Mark Cuban square off over BLM on the field | Fox ..."}, {"published_date": "2020-06-26", "url": "https://www.foxnews.com/opinion/tucker-carlson-trump-could-well-lose-the-election-he-must-defend-americas-institutions", "headline": "Tucker Carlson: Trump could well lose the election - he must defend ..."}, {"published_date": "2020-07-16", "url": "https://www.foxnews.com/us/portland-cop-black-lives-matter-protesters-fewer-minorities-than-police", "headline": "Portland cop slams hypocrisy of Black Lives Matter protesters for ..."}, {"published_date": "2020-07-08", "url": "https://www.foxnews.com/sports/nba-ray-allen-trump-supporters-black-lives-matter-movement", "headline": "NBA great Ray Allen criticizes Trump supporters who showed ..."}, {"published_date": "2020-06-08", "url": "https://www.foxnews.com/us/dc-national-guardsman-chants-im-black-and-im-proud-george-floyd-protesters", "headline": "DC National Guardsman chants 'I'm black and I'm proud' with ..."}, {"published_date": "2020-06-23", "url": "https://www.foxnews.com/us/rayshard-brooks-funeral-service-atlanta-georgia", "headline": "Rayshard Brooks' funeral: Bernice King demands end to racism ..."}, {"published_date": "2020-06-03", "url": "https://www.foxnews.com/us/black-lives-matter-plans-war-on-police-ny-leader-says", "headline": "Black Lives Matter plans armed 'peace officers' in war on police, NY ..."}, {"published_date": "2020-06-05", "url": "https://www.foxnews.com/us/man-who-pulled-bow-and-arrow-on-salt-lake-city-george-floyd-protestesrs-facing-charges", "headline": "Man who pulled bow and arrow on Salt Lake City George Floyd ..."}, {"published_date": "2020-06-23", "url": "https://www.foxnews.com/us/black-lives-matter-moves-to-oust-la-countys-first-black-da-saying-not-enough-police-prosecuted", "headline": "Black Lives Matter moves to oust LA County's first black DA, saying ..."}, {"published_date": "2020-06-04", "url": "https://www.foxnews.com/media/david-webb-blasts-the-stupidity-of-black-lives-matter-wanting-defund-police-departments", "headline": "David Webb blasts Hollywood, Black Lives Matter's calls to defund ..."}, {"published_date": "2020-06-09", "url": "https://www.foxnews.com/us/nyc-protest-abortion-clinic-george-floyd-handcuffed", "headline": "Women handcuffed, cited while praying outside NYC Planned ..."}, {"published_date": "2020-06-07", "url": "https://www.foxnews.com/us/utah-retired-marine-black-lives-matter-george-floyd-protest", "headline": "Utah Marine vet stands at attention, kneels to show support for Black ..."}, {"published_date": "2020-06-07", "url": "https://www.foxnews.com/media/philadelphia-newspaper-editor-resigns-after-buildings-matter-too-headline", "headline": "Philadelphia newspaper editor resigns after 'Buildings Matter, Too ..."}]