[{"published_date": "2020-06-18", "url": "/article/uk-factcheck-false-george-soros-claims/fact-checkfalseclaims-about-george-soros-idUSKBN23P2XJ", "headline": "Fact check:\u00a0False\u00a0claims about George Soros\u00a0\u00a0"}, {"published_date": "2020-07-31", "url": "/article/idUSMTZXEG81D36QHE", "headline": "Giannis, Bucks top Celtics in return"}, {"published_date": "2020-07-31", "url": "/article/idUSKCN24W2XN", "headline": "Boston Marathon bomber Dzhokhar Tsarnaev's death sentence overturned by appeals court"}, {"published_date": "2020-07-31", "url": "/article/idUSKCN24W2QD", "headline": "In Portland, some Black activists frustrated with white protesters"}, {"published_date": "2020-07-31", "url": "/article/idUSL2N2F21QB", "headline": "Florida sets new coronavirus record as U.S. lawmakers bicker at hearing"}, {"published_date": "2020-07-31", "url": "/article/idUSL3N2F11UQ", "headline": "In Portland, some Black activists frustrated with white protesters"}, {"published_date": "2020-07-31", "url": "/article/idUSL5N2F263E", "headline": "ANALYSIS-Coronavirus child care pinch in U.S. poses threat to economic gains of working women"}, {"published_date": "2020-07-31", "url": "/article/idUSKCN24V3RM", "headline": "NBA players protest racial injustice as league returns to action"}, {"published_date": "2020-07-30", "url": "/article/idUSKCN24W0BU", "headline": "NBA notebook: Players, coaches kneel as games return"}, {"published_date": "2020-07-30", "url": "/article/idUSMTZXEG7VB8GELO", "headline": "Jazz overtake Pelicans to win NBA's first game back"}, {"published_date": "2020-07-30", "url": "/article/idUSKCN24V3BS", "headline": "After three decades, most polluted U.S. neighborhoods haven't changed"}, {"published_date": "2020-07-30", "url": "/article/idUSL2N2F01L2", "headline": "After three decades, most polluted U.S. neighborhoods haven't changed"}, {"published_date": "2020-07-30", "url": "/article/idUSKCN24V2GJ", "headline": "U.S. second-quarter GDP falls at steepest rate since Great Depression"}, {"published_date": "2020-07-30", "url": "/article/idUSKCN24V1PW", "headline": "Why Trump's tough-on-crime message is not breaking through in suburban America"}, {"published_date": "2020-07-30", "url": "/article/idUSL2N2EZ1EN", "headline": "ANALYSIS-Why Trump's tough-on-crime message is not breaking through in suburban America"}, {"published_date": "2020-07-30", "url": "/article/idUSKCN24U2GW", "headline": "U.S., Oregon agree to phase out federal agents from Portland"}, {"published_date": "2020-07-30", "url": "/article/idUSKCN24V0R8", "headline": "Black urban farmers in the U.S. sow seeds to end 'food apartheid'"}, {"published_date": "2020-07-29", "url": "/article/us-russia-putin-succession-exclusive/exclusive-former-kremlin-insider-recounts-putins-moves-to-retain-power-idUSKCN24U1O2", "headline": "Exclusive: Former Kremlin insider recounts Putin\u2019s moves to retain power"}, {"published_date": "2020-07-28", "url": "/article/idUSKCN24T1HL", "headline": "Special Report: Rite Aid deployed facial recognition systems in hundreds of U.S. stores"}, {"published_date": "2020-07-28", "url": "/article/idUSL2N2EZ2H0", "headline": "SPECIAL REPORT-Rite Aid deployed facial recognition systems in hundreds of U.S. stores"}, {"published_date": "2020-07-28", "url": "/article/idUSKCN24T2TB", "headline": "Bio-secure bubble presents unprecedented challenges for NBA"}, {"published_date": "2020-07-28", "url": "/article/idUSKCN24T2R2", "headline": "NBA: League adapts to COVID-19 era as season resumes"}, {"published_date": "2020-07-28", "url": "/article/idUSL2N2EZ05J", "headline": "NBA-League adapts to COVID-19 era as season resumes"}, {"published_date": "2020-07-28", "url": "/article/idUSL2N2EZ1FC", "headline": "PREVIEW-NBA-Bio-secure bubble presents unprecedented challenges for NBA"}, {"published_date": "2020-07-28", "url": "/article/idUSKCN24S22V", "headline": "Exclusive: HSBC aims to double number of senior Black staff by 2025 - memo"}, {"published_date": "2020-07-28", "url": "/article/idUSKCN24S2SU", "headline": "Six U.S. mayors urge Congress to block Trump federal deployment"}, {"published_date": "2020-07-28", "url": "/article/idUSL2N2EZ007", "headline": "SPECIAL REPORT-Rite Aid deployed facial recognition systems in hundreds of U.S. stores"}, {"published_date": "2020-07-28", "url": "/article/idUSL5N2EZ1VP", "headline": "RPT-EXCLUSIVE-HSBC aims to double number of senior Black staff by 2025- memo"}, {"published_date": "2020-07-27", "url": "/article/idUSKCN24S13F", "headline": "Civil rights pioneer, Congressman John Lewis honored in Capitol Hill ceremony"}, {"published_date": "2020-07-27", "url": "/article/idUSL3N2EY4VV", "headline": "Australia Black <b>Lives</b> <b>Matter</b> rally to go ahead despite court ban"}, {"published_date": "2020-07-27", "url": "/article/idUSL5N2EY58W", "headline": "EXCLUSIVE-HSBC aims to double number of senior Black staff by 2025- memo"}, {"published_date": "2020-07-27", "url": "/article/idUSL5N2EY51A", "headline": "EXCLUSIVE-HSBC aims to double number of senior Black staff by 2025- memo"}, {"published_date": "2020-07-27", "url": "/article/idUSKCN24S1A6", "headline": "On Chicago's South Side, some violence-weary residents open to federal investigators"}, {"published_date": "2020-07-26", "url": "/article/idUSKCN24S002", "headline": "Garment workers to graduates: Bangladeshi women aim to shake up textile sector"}, {"published_date": "2020-07-26", "url": "/article/idUSL5N2EM51W", "headline": "FEATURE-Garment workers to graduates: Bangladeshi women aim to shake up textile sector"}, {"published_date": "2020-07-26", "url": "/article/idUSKCN24P246", "headline": "U.S. charges 18 Portland protesters as it sends tactical police to Seattle"}, {"published_date": "2020-07-24", "url": "/article/idUSKCN24P0NG", "headline": "Federal agents fire tear gas again at Portland protesters"}, {"published_date": "2020-07-24", "url": "/article/idUSKCN24P2AU", "headline": "LeBron addresses Breonna Taylor, social injustice"}, {"published_date": "2020-07-24", "url": "/article/idUSKCN24P1Y7", "headline": "Chevron diversity ratio to improve as layoffs progress"}, {"published_date": "2020-07-24", "url": "/article/idUSL3N2EV37D", "headline": "UPDATE 1-Chevron diversity ratio to improve as layoffs progress"}, {"published_date": "2020-07-24", "url": "/article/idUSKCN24P1CZ", "headline": "Scottish support for independence rises as COVID-19 imperils the United Kingdom"}, {"published_date": "2020-07-24", "url": "/article/idUSL3N2EV148", "headline": "Scottish support for independence rises as COVID-19 imperils the United Kingdom"}, {"published_date": "2020-07-24", "url": "/article/idUSKCN24P0ID", "headline": "On trial on riot charges, Hong Kong newlyweds prepared for life apart"}, {"published_date": "2020-07-24", "url": "/article/idUSL2N2EV08F", "headline": "UPDATE 3-Federal agents fire tear gas again at Portland protesters"}, {"published_date": "2020-07-24", "url": "/article/idUSL3N2EV1E6", "headline": "Thousands gather outside central police precinct as Portland protests continue"}, {"published_date": "2020-07-24", "url": "/article/idUSKCN24P00Z", "headline": "No escaping COVID-19 as Major League Baseball starts season"}, {"published_date": "2020-07-24", "url": "/article/idUSL2N2EV00V", "headline": "UPDATE 2-Baseball-No escaping COVID-19 as Major League Baseball starts season"}, {"published_date": "2020-07-23", "url": "/article/idUSKCN24P04Y", "headline": "MLB players protest racial inequality at season opener"}, {"published_date": "2020-07-23", "url": "/article/idUSKCN24P002", "headline": "Georgia's governor and Atlanta's mayor ordered to mediate coronavirus mask fight"}, {"published_date": "2020-07-23", "url": "/article/idUSL2N2EU2OJ", "headline": "Georgia's governor and Atlanta's mayor ordered to mediate coronavirus mask fight"}, {"published_date": "2020-07-23", "url": "/article/idUSKCN24O2CN", "headline": "WHO chief denounces 'unacceptable' comments questioning his independence"}, {"published_date": "2020-07-23", "url": "/article/idUSL3N2EU3H9", "headline": "UPDATE 3-WHO chief denounces 'unacceptable' comments questioning his independence"}, {"published_date": "2020-07-23", "url": "/article/idUSL2N2EU0IN", "headline": "PREVIEW-Basketball-WNBA aims to harness momentum as it navigates COVID-19 landscape"}, {"published_date": "2020-07-23", "url": "/article/idUSKCN24O20X", "headline": "Solar keeps lights, phones on for rural Kenyans during pandemic blackouts"}, {"published_date": "2020-07-23", "url": "/article/idUSL8N2E2361", "headline": "FEATURE-Solar keeps lights, phones on for rural Kenyans during pandemic blackouts"}, {"published_date": "2020-07-22", "url": "/article/idUSKCN24N2SN", "headline": "Over half of U.S. companies plan virus contact tracing for employees: survey"}, {"published_date": "2020-07-22", "url": "/article/idUSFLM3mGkgM", "headline": "Los Angeles Guerrillas cut ACHES"}, {"published_date": "2020-07-22", "url": "/article/idUSL2N2ET1CP", "headline": "Over half of U.S. companies plan virus contact tracing for employees -survey"}, {"published_date": "2020-07-22", "url": "/article/idUSKCN24N2LN", "headline": "Fact check: Evidence shows smoke bombs did not enter horse trailer at Oklahoma protest"}, {"published_date": "2020-07-22", "url": "/article/idUSKCN24N1I1", "headline": "An introvert\u2019s guide to Zoom: Four tips for remote meetings"}, {"published_date": "2020-07-22", "url": "/article/idUSL2N2ER1P7", "headline": "An introvert\u2019s guide to Zoom: Four tips for remote meetings"}, {"published_date": "2020-07-22", "url": "/article/idUSKCN24N0SY", "headline": "Shanghai's remodeled index still not reliable benchmark for the world's No.2 stock market"}, {"published_date": "2020-07-22", "url": "/article/idUSL3N2ES2AD", "headline": "Shanghai's remodeled index still not reliable benchmark for the world's No.2 stock market"}, {"published_date": "2020-07-21", "url": "/article/idUSKCN24N0AL", "headline": "MLB notebook: Altuve, Bregman drilled in Astros' win"}, {"published_date": "2020-07-21", "url": "/article/idUSKCN24N0AN", "headline": "Land rights battle inches Kenyan rice farmers closer to title deeds"}, {"published_date": "2020-07-21", "url": "/article/idUSL8N2E0538", "headline": "FEATURE-Land rights battle inches Kenyan rice farmers closer to title deeds"}, {"published_date": "2020-07-21", "url": "/article/idUSKCN24M2UZ", "headline": "Hamilton disappointed with past champions' comments on racism"}, {"published_date": "2020-07-21", "url": "/article/idUSKCN24L2TI", "headline": "Uber defends business model in UK court battle over workers' rights"}, {"published_date": "2020-07-21", "url": "/article/idUSL5N2ES2UB", "headline": "UPDATE 1-Uber defends business model in UK court battle over workers' rights"}, {"published_date": "2020-07-20", "url": "/article/idUSKCN24M096", "headline": "NFL reportedly offers to scrap preseason"}, {"published_date": "2020-07-20", "url": "/article/idUSKBN2400XO", "headline": "Special Report: Into the fog - How Britain lost track of the coronavirus"}, {"published_date": "2020-07-19", "url": "/article/idUSKCN24K0QU", "headline": "Hamilton criticises F1 after 'rushed' anti-racism gesture"}, {"published_date": "2020-07-18", "url": "/article/idUSKCN24J0FS", "headline": "In Arizona, school reopening sparks protest movement"}, {"published_date": "2020-07-20", "url": "/article/idUSKBN2400XO", "headline": "Special Report: Into the fog - How Britain lost track of the coronavirus"}, {"published_date": "2020-07-19", "url": "/article/idUSKCN24K0QU", "headline": "Hamilton criticises F1 after 'rushed' anti-racism gesture"}, {"published_date": "2020-07-18", "url": "/article/idUSKCN24J0FS", "headline": "In Arizona, school reopening sparks protest movement"}, {"published_date": "2020-07-18", "url": "/article/idUSKBN24J04I", "headline": "U.S. civil rights pioneer, congressman John Lewis dies"}, {"published_date": "2020-07-18", "url": "/article/idUSKBN24J06C", "headline": "John Lewis, U.S. congressman and sharecropper's son, was civil rights hero"}, {"published_date": "2020-07-18", "url": "/article/idUSL2N2EJ0CD", "headline": "In Arizona, school reopening sparks protest movement"}, {"published_date": "2020-07-17", "url": "/article/idUSKCN24I2MB", "headline": "Dutch king may stop using carriage celebrating colonial past"}, {"published_date": "2020-07-17", "url": "/article/idUSKCN24I2LN", "headline": "Breakingviews - Review: Market twists and turns, unraveled"}, {"published_date": "2020-07-17", "url": "/article/idUSFLMdVzB8", "headline": "Three former FaZe Clan execs launch new venture"}, {"published_date": "2020-07-17", "url": "/article/idUSKCN24I1EJ", "headline": "Special Report: Civil rights icon defied death. Now he and his wife navigate pandemic, protests"}, {"published_date": "2020-07-17", "url": "/article/idUSL5N2EO1OZ", "headline": "SPECIAL REPORT-Civil rights icon defied death. Now he and his wife navigate pandemic, protests"}, {"published_date": "2020-07-16", "url": "/article/idUSKCN24H2L1", "headline": "U.S. elected leaders clash over masks as new COVID-19 cases set another record"}, {"published_date": "2020-07-16", "url": "/article/idUSL2N2EN1IA", "headline": "UPDATE 7-U.S. elected leaders clash over masks as new COVID-19 cases set another record"}, {"published_date": "2020-07-16", "url": "/article/idUSKCN24H36C", "headline": "WNBA says it won't push Dream owner Loeffler to sell"}, {"published_date": "2020-07-16", "url": "/article/idUSL2N2EN1C9", "headline": "Wear a mask? Georgia governor, mayors embroiled in latest coronavirus clash"}, {"published_date": "2020-07-16", "url": "/article/idUSKCN24H1ME", "headline": "'Colour-blind' France avoids gauging COVID impact on ethnic minorities"}, {"published_date": "2020-07-16", "url": "/article/idUSL8N2EH2VV", "headline": "'Colour-blind' France avoids gauging COVID impact on ethnic minorities"}, {"published_date": "2020-07-15", "url": "/article/idUSKCN24H0DI", "headline": "Investigative report of Indiana lynching complaint delivered to prosecutors"}, {"published_date": "2020-07-15", "url": "/article/idUSL3N2EM21M", "headline": "ECB to take pause even as pandemic worries rise"}, {"published_date": "2020-07-15", "url": "/article/idUSKCN24G16L", "headline": "As pandemic worsens, Miami Beach visitors party, residents mostly comply"}, {"published_date": "2020-07-15", "url": "/article/idUSL2N2EL28C", "headline": "As pandemic worsens, Miami Beach visitors party, residents mostly comply"}, {"published_date": "2020-07-14", "url": "/article/idUSKCN24F0CB", "headline": "Exclusive: Aid groups face calls to open up on racism as survey finds data holes"}, {"published_date": "2020-07-13", "url": "/article/idUSKCN24E2OY", "headline": "WNBA announces schedule, season to start July 25"}, {"published_date": "2020-07-13", "url": "/article/idUSL5N2EK5AQ", "headline": "UPDATE 1-Basketball-WNBA announces schedule, season to start July 25"}, {"published_date": "2020-07-13", "url": "/article/idUSL5N2EK58V", "headline": "Basketball-WNBA announces schedule, season to start July 25"}, {"published_date": "2020-07-13", "url": "/article/idUSKCN24E0VJ", "headline": "Motor racing: Hamilton wants Ferrari to do more in fight against racism"}, {"published_date": "2020-07-13", "url": "/article/idUSL5N2EK4NZ", "headline": "UPDATE 1-Motor racing-Hamilton wants Ferrari to do more in fight against racism"}, {"published_date": "2020-07-13", "url": "/article/idUSKCN24D0R9", "headline": "Lakers' Davis won't wear social justice message"}, {"published_date": "2020-07-11", "url": "/article/idUSKCN24D009", "headline": "LeBron reveals he won't wear social justice message"}, {"published_date": "2020-07-11", "url": "/article/idUSKCN24C0OD", "headline": "Dream players stand against Loeffler's criticism"}, {"published_date": "2020-07-10", "url": "/article/idUSKBN24B2IE", "headline": "White House's Birx urges mask use where COVID-19 rates are rising"}, {"published_date": "2020-07-10", "url": "/article/idUSL1N2EH1D4", "headline": "REFILE-UPDATE 1-White House's Birx urges mask use where COVID-19 rates are rising"}, {"published_date": "2020-07-10", "url": "/article/idUSKBN24B042", "headline": "FBI investigates reported July 4 lynching attempt in Indiana"}, {"published_date": "2020-07-10", "url": "/article/idUSKBN24B17I", "headline": "U.S. Supreme Court defied Trump at key moments in blockbuster term"}, {"published_date": "2020-07-10", "url": "/article/idUSKBN24A3GV", "headline": "Undeterred by coronavirus, China takes influence campaign online to win Taiwan hearts"}, {"published_date": "2020-07-09", "url": "/article/idUSL4N2ED37M", "headline": "Undeterred by coronavirus, China takes influence campaign online to win Taiwan hearts"}, {"published_date": "2020-07-09", "url": "/article/idUSKBN24A1LK", "headline": "Severe bread shortages loom for Syria as fresh U.S. sanctions grip"}, {"published_date": "2020-07-09", "url": "/article/idUSL8N2EG0DT", "headline": "INSIGHT-Severe bread shortages loom for Syria as fresh U.S. sanctions grip"}, {"published_date": "2020-07-09", "url": "/article/idUSKBN24A0WI", "headline": "Sacred sites blast exposes Australia's laws skewed to mining"}, {"published_date": "2020-07-09", "url": "/article/idUSL4N2DS2B2", "headline": "INSIGHT-Sacred sites blast exposes Australia's laws skewed to mining"}, {"published_date": "2020-07-09", "url": "/article/idUSKBN24A0HV", "headline": "Orlando City beats Inter Miami as MLS returns to action"}, {"published_date": "2020-07-08", "url": "/article/idUSKBN24937W", "headline": "#AskReuters: Why the U.S. protests against police brutality are different this time"}, {"published_date": "2020-07-08", "url": "/article/idUSKBN2492ZO", "headline": "Biden groups seek to unify Democratic Party with policy proposals"}, {"published_date": "2020-07-08", "url": "/article/idUSL1N2EF1ZY", "headline": "UPDATE 2-Biden groups seek to unify Democratic Party with policy proposals"}, {"published_date": "2020-07-08", "url": "/article/idUSKBN2492R9", "headline": "Mexico criticized for misreporting data on migrant trafficking victims"}, {"published_date": "2020-07-08", "url": "/article/idUSL8N2EF1I7", "headline": "UPDATE 4-Libya lifts Es Sider force majeure, paving way for oil export boost"}, {"published_date": "2020-07-08", "url": "/article/idUSKBN248373", "headline": "Exclusive: U.S. probing allegations TikTok violated children's privacy - sources"}, {"published_date": "2020-07-08", "url": "/article/idUSKBN2491EV", "headline": "Coronavirus 'collateral damage' hits U.S. rural power providers"}, {"published_date": "2020-07-08", "url": "/article/idUSL1N2E2113", "headline": "INSIGHT-Coronavirus 'collateral damage' hits U.S. rural power providers"}, {"published_date": "2020-07-08", "url": "/article/idUSKBN2480RO", "headline": "Public housing residents decry 'lockup' as Australia contains COVID-19 threat"}, {"published_date": "2020-07-07", "url": "/article/idUSKBN24836A", "headline": "WNBA stands by Black <b>Lives</b> <b>Matter</b> theme, defying Atlanta team's co-owner"}, {"published_date": "2020-07-07", "url": "/article/idUSL1N2EE2IO", "headline": "EXCLUSIVE-U.S. probing allegations TikTok violated children's privacy -sources"}, {"published_date": "2020-07-07", "url": "/article/idUSL1N2EE28H", "headline": "EXCLUSIVE-U.S. probing allegations TikTok violated children's privacy -sources"}, {"published_date": "2020-07-07", "url": "/article/idUSKBN248267", "headline": "Aluko wants 30% BAME representation at top levels of UK Sport"}, {"published_date": "2020-07-07", "url": "/article/idUSL8N2EE06H", "headline": "Public housing residents decry 'lockup' as Australia contains COVID-19 threat"}, {"published_date": "2020-07-06", "url": "/article/idUSKBN2471SB", "headline": "Trump assails NASCAR's leading Black driver, knocks ban of Confederate flag"}, {"published_date": "2020-07-06", "url": "/article/idUSKBN24718J", "headline": "China rebukes UK for 'gross interference' over Hong Kong"}, {"published_date": "2020-07-06", "url": "/article/idUSL8N2ED2AT", "headline": "UPDATE 3-China rebukes UK for \"gross interference\" over Hong Kong"}, {"published_date": "2020-07-05", "url": "/article/idUSL8N2EC0DA", "headline": "UPDATE 2-Motor racing-Hamilton and other F1 drivers take a knee in Austria"}, {"published_date": "2020-07-04", "url": "/article/idUSKBN2450QX", "headline": "F1 drivers united against racism, if not taking a knee"}, {"published_date": "2020-07-04", "url": "/article/idUSL1N2EB02I", "headline": "Washington braces as crowds converge for Trump's July Fourth fireworks, racial protests"}, {"published_date": "2020-07-03", "url": "/article/idUSKBN2442FD", "headline": "Hamilton makes a statement as F1 gets back on track"}, {"published_date": "2020-07-03", "url": "/article/idUSKBN2442NW", "headline": "Indonesia's plan for giant farm kindles 'ecological chaos' concern"}, {"published_date": "2020-07-03", "url": "/article/idUSL4N2EA0U2", "headline": "Indonesia's plan for giant farm kindles 'ecological chaos' concern"}, {"published_date": "2020-07-03", "url": "/article/idUSKBN2440PX", "headline": "Tennis: American Gauff can improve the world, says Navratilova"}, {"published_date": "2020-07-02", "url": "/article/idUSKBN2432QS", "headline": "S.African man dragged naked from shack sparks legal action against evictions"}, {"published_date": "2020-07-02", "url": "/article/idUSKBN2431LM", "headline": "Motor racing: Hamilton expects drivers to stand united against racism"}, {"published_date": "2020-07-02", "url": "/article/idUSL8N2E93YN", "headline": "S.African man dragged naked from shack sparks legal action against evictions"}, {"published_date": "2020-07-02", "url": "/article/idUSKBN2431PO", "headline": "Fact check: Jimi Hendrix photo does not show graffiti connected to Black <b>Lives</b> <b>Matters</b>"}, {"published_date": "2020-07-01", "url": "/article/idUSKBN24276C", "headline": "'No more rainbow capitalism' as protests shine light on Black trans <b>lives</b>"}, {"published_date": "2020-07-01", "url": "/article/idUSKBN2425YW", "headline": "Seattle police clear protest zone after flares of violence"}, {"published_date": "2020-07-01", "url": "/article/idUSL8N2E862N", "headline": "Soccer-Fans break distancing rules at Bulgarian Cup final"}, {"published_date": "2020-07-01", "url": "/article/idUSL1N2E81MT", "headline": "'No more rainbow capitalism' as protests shine light on Black trans <b>lives</b>"}, {"published_date": "2020-07-01", "url": "/article/idUSKBN242744", "headline": "Who owns the street? Seattle protest zone sparks property rights debate"}, {"published_date": "2020-07-01", "url": "/article/idUSKBN24252N", "headline": "Universal Declaration of Human Rights inspires musical work, 'Voices'"}, {"published_date": "2020-07-01", "url": "/article/idUSL1N2E80T9", "headline": "UPDATE 4-Seattle police clear protest zone after flares of violence"}, {"published_date": "2020-07-01", "url": "/article/idUSKBN2425T7", "headline": "Greenland's youth question colonial past in wake of Black <b>Lives</b> <b>Matter</b>"}, {"published_date": "2020-07-01", "url": "/article/idUSKBN2411GF", "headline": "Hickenlooper wins Democratic primary for key U.S. Senate seat in Colorado"}, {"published_date": "2020-07-01", "url": "/article/idUSL8N2E650M", "headline": "Greenland's youth question colonial past in wake of Black <b>Lives</b> <b>Matter</b>"}, {"published_date": "2020-07-01", "url": "/article/idUSL4N2E82N1", "headline": "RPT-SPECIAL REPORT-Into the fog: How Britain lost track of the coronavirus"}, {"published_date": "2020-07-01", "url": "/article/idUSL8N2E75QX", "headline": "Universal Declaration of Human Rights inspires musical work, 'Voices'"}, {"published_date": "2020-06-30", "url": "/article/idUSKBN2411EO", "headline": "LinkedIn users ditch polite networking for real talk on U.S. race and inequity"}, {"published_date": "2020-06-30", "url": "/article/idUSL1N2E61I0", "headline": "CORRECTED-LinkedIn users ditch polite networking for real talk on U.S. race and inequity"}, {"published_date": "2020-06-30", "url": "/article/idUSKBN2413HG", "headline": "Premier League says support for Black <b>Lives</b> <b>Matter</b> not political"}, {"published_date": "2020-06-30", "url": "/article/idUSKBN2411WG", "headline": "Special Report: Thousands of U.S. judges who broke laws, oaths remained on the bench"}, {"published_date": "2020-06-29", "url": "/article/idUSKBN2410BN", "headline": "Nigeria's slave descendants hope race protests help end discrimination"}, {"published_date": "2020-06-29", "url": "/article/idUSL5N2E50I8", "headline": "FEATURE -Nigeria's slave descendants hope race protests help end discrimination"}, {"published_date": "2020-06-29", "url": "/article/idUSL4N2E7073", "headline": "The Weeknd Donates $1 Million to MusiCares' and His Hometown's Coronavirus Relief"}, {"published_date": "2020-06-29", "url": "/article/idUSKBN2401GF", "headline": "Motor racing: Mercedes to use black cars in stand against racism"}, {"published_date": "2020-06-29", "url": "/article/idUSL8N2E60PZ", "headline": "SPECIAL REPORT-Into the fog: How Britain lost track of the coronavirus"}, {"published_date": "2020-06-28", "url": "/article/idUSKBN23Z0I9", "headline": "Trump retweets, then deletes, video of supporter shouting 'white power'"}, {"published_date": "2020-06-26", "url": "/article/idUSKBN23X2LX", "headline": "Motor racing: Hamilton condemns Ecclestone's 'ignorant' racism comments"}, {"published_date": "2020-06-26", "url": "/article/idUSL4N2E32QE", "headline": "US STOCKS-Wall St tumbles on concerns over U.S.-China trade deal, rising virus cases"}, {"published_date": "2020-06-26", "url": "/article/idUSKBN23X20P", "headline": "LGBT+ Pride marches return to radical roots to support Black <b>Lives</b> <b>Matter</b>"}, {"published_date": "2020-06-26", "url": "/article/idUSL8N2E335D", "headline": "LGBT+ Pride marches return to radical roots to support Black <b>Lives</b> <b>Matter</b>"}, {"published_date": "2020-06-26", "url": "/article/idUSKBN23X1HI", "headline": "Pandemic aid watchdog steps into partisan war over bailouts"}, {"published_date": "2020-06-26", "url": "/article/idUSKBN23X1T2", "headline": "PM Johnson says Britain must break down barriers for Black people"}, {"published_date": "2020-06-26", "url": "/article/idUSL8N2E33J0", "headline": "PM Johnson says Britain must break down barriers for Black people"}, {"published_date": "2020-06-26", "url": "/article/idUSL1N2E22R6", "headline": "INSIGHT-Pandemic aid watchdog steps into partisan war over bailouts"}, {"published_date": "2020-06-26", "url": "/article/idUSKBN23X0QD", "headline": "London police to crackdown on illegal parties as officers attacked again"}, {"published_date": "2020-06-26", "url": "/article/idUSL8N2E30Y7", "headline": "UPDATE 2-London police to crackdown on illegal parties as officers attacked again"}, {"published_date": "2020-06-26", "url": "/article/idUSKBN23X0HO", "headline": "In China's 'Little Africa,' a struggle to get back to business after lockdown"}, {"published_date": "2020-06-26", "url": "/article/idUSL4N2E11L7", "headline": "CORRECTED-In China's 'Little Africa,' a struggle to get back to business after lockdown"}, {"published_date": "2020-06-25", "url": "/article/idUSKBN23W2SZ", "headline": "Unilever faces calls to pull skin lightening products in South Asia"}, {"published_date": "2020-06-25", "url": "/article/idUSL8N2E245J", "headline": "Unilever faces calls to pull skin lightening products in South Asia"}, {"published_date": "2020-06-25", "url": "/article/idUSKBN23W1HC", "headline": "Amid U.S. reckoning on race, Black candidates harness voters' fervor for change"}, {"published_date": "2020-06-25", "url": "/article/idUSL4N2E12AT", "headline": "Unilever, rivals mull changes amid global backlash against skin-lightening products"}, {"published_date": "2020-06-24", "url": "/article/idUSKBN23V2UO", "headline": "Calls for reparations gain steam as U.S. reckons with racial injustice"}, {"published_date": "2020-06-24", "url": "/article/idUSKBN23V04Y", "headline": "Walmart to stop Mississippi flag display; reviews third party sales on Canada website"}, {"published_date": "2020-06-24", "url": "/article/idUSKBN23V23Z", "headline": "Loan investors raise concerns over Ebitdac"}, {"published_date": "2020-06-24", "url": "/article/idUSL8N2E149G", "headline": "Loan investors raise concerns over Ebitdac"}, {"published_date": "2020-06-24", "url": "/article/idUSKBN23U3BT", "headline": "Justice Department says no federal crime committed in NASCAR noose case"}, {"published_date": "2020-06-24", "url": "/article/idUSKBN23V0K5", "headline": "Support for 'Black <b>Lives</b> <b>Matter</b>' a good sign: Wolves' Santo"}, {"published_date": "2020-06-24", "url": "/article/idUSL1N2E106A", "headline": "UPDATE 1-Walmart to stop Mississippi flag display; reviews third party sales on Canada website"}, {"published_date": "2020-06-23", "url": "/article/idUSKBN23U2ZS", "headline": "Wife of Canadian detained in China speaks out"}, {"published_date": "2020-06-23", "url": "/article/idUSL1N2E1014", "headline": "UPDATE 1-Wife of Canadian detained in China speaks out"}, {"published_date": "2020-06-23", "url": "/article/idUSKBN23U1O7", "headline": "Trump takes hard line on U.S. monuments, threatens force against protesters"}, {"published_date": "2020-06-23", "url": "/article/idUSKBN23Q2V1", "headline": "Louisville police chief takes step to fire officer in Breonna Taylor shooting"}, {"published_date": "2020-06-23", "url": "/article/idUSKBN23U37E", "headline": "Louisville police chief takes step to fire officer in Breonna Taylor shooting"}, {"published_date": "2020-06-23", "url": "/article/idUSL8N2E05E5", "headline": "UPDATE 1-Soccer-Airport suspends banner towing after 'White <b>Lives</b> <b>Matter</b>' incident"}, {"published_date": "2020-06-23", "url": "/article/idUSL4N2E03IK", "headline": "Soccer-Airport suspends banner towing after 'White <b>Lives</b> <b>Matter</b>' incident"}, {"published_date": "2020-06-23", "url": "/article/idUSKBN23U2GV", "headline": "Quotes from Djokovic on tennis amid a pandemic, vaccinations and COVID-19"}, {"published_date": "2020-06-23", "url": "/article/idUSL4N2E039S", "headline": "FACTBOX-Tennis-Quotes from Djokovic on tennis amid a pandemic, vaccinations and COVID-19"}, {"published_date": "2020-06-23", "url": "/article/idUSKBN23U27O", "headline": "Probe demanded after 57 girls catch coronavirus in Indian shelter"}, {"published_date": "2020-06-23", "url": "/article/idUSL8N2E02LB", "headline": "Probe demanded after 57 girls catch coronavirus in Indian shelter"}, {"published_date": "2020-06-23", "url": "/article/idUSKBN23U07F", "headline": "Black Arab women tackle racist beauty ideals and stereotypes"}, {"published_date": "2020-06-23", "url": "/article/idUSL8N2E02KL", "headline": "UPDATE 1-FEATURE-Black Arab women tackle racist beauty ideals and stereotypes"}, {"published_date": "2020-06-22", "url": "/article/idUSKBN23U0BM", "headline": "'White <b>Lives</b> <b>Matter</b>' banner disheartening, says Richards"}, {"published_date": "2020-06-22", "url": "/article/idUSKBN23U03A", "headline": "Motor racing: Blaney and Wallace both claim victory at Talladega"}, {"published_date": "2020-06-22", "url": "/article/idUSKBN23T1IN", "headline": "Public honors Rayshard Brooks in Atlanta after fatal police shooting"}, {"published_date": "2020-06-22", "url": "/article/idUSKBN23T2IF", "headline": "NASCAR steps up security around Wallace after noose found in garage"}, {"published_date": "2020-06-22", "url": "/article/idUSKBN23T2DW", "headline": "Fact check: Knife attack in Reading did not happen during the Black <b>Lives</b> <b>Matter</b> protest"}, {"published_date": "2020-06-22", "url": "/article/idUSL4N2DZ3B7", "headline": "Motor racing-Formula One to launch diversity task force"}, {"published_date": "2020-06-21", "url": "/article/idUSL8N2DW3O2", "headline": "RPT-COLUMN-Friend or foe? Canadian imports split U.S. aluminium sector: Andy Home"}, {"published_date": "2020-06-21", "url": "/article/idUSL8N2DY0OB", "headline": "UPDATE 2-Soccer-Inter close gap on leading pair despite second-half slump"}, {"published_date": "2020-06-21", "url": "/article/idUSKBN23R0G5", "headline": "Trump slams protests, defends pandemic response as Tulsa crowd underwhelms"}, {"published_date": "2020-06-20", "url": "/article/idUSL1N2DX05N", "headline": "UPDATE 7-Trump slams protests, defends pandemic response as Tulsa crowd underwhelms"}, {"published_date": "2020-06-20", "url": "/article/idUSKBN23R0U9", "headline": "Three killed after man goes on stabbing spree in British town's park, police say"}, {"published_date": "2020-06-20", "url": "/article/idUSL8N2DX0K9", "headline": "UPDATE 11-Three killed after man goes on stabbing spree in British town's park, police say"}, {"published_date": "2020-06-20", "url": "/article/idUSKBN23R0KF", "headline": "Leader of London BLM protests demands meeting with Johnson"}, {"published_date": "2020-06-20", "url": "/article/idUSL8N2DX0JD", "headline": "UPDATE 2-Soccer-Belotti misses penalty in Torino draw as Serie A returns"}, {"published_date": "2020-06-20", "url": "/article/idUSL8N2DX0FJ", "headline": "UPDATE 1-Leader of London BLM protests demands meeting with Johnson"}, {"published_date": "2020-06-20", "url": "/article/idUSL8N2DX09T", "headline": "Leader of London BLM protests demands meeting with Johnson"}, {"published_date": "2020-06-19", "url": "/article/us-minneapolis-police-tulsa/for-black-tulsans-trumps-visit-evokes-painful-legacy-of-1921-massacre-idUSKBN23Q2Q1", "headline": "For Black Tulsans, Trump's visit evokes painful legacy of 1921 massacre"}, {"published_date": "2020-06-19", "url": "/article/idUSKBN23Q2GE", "headline": "U.N. sets up inquiry into racism after George Floyd death"}, {"published_date": "2020-06-19", "url": "/article/idUSL4N2DW3BM", "headline": "US STOCKS-S&P 500, Dow slip as Apple store closures spark economy revival worries"}, {"published_date": "2020-06-19", "url": "/article/idUSKBN23Q1I2", "headline": "Father of Turkish NBA player Kanter acquitted of terrorism links"}, {"published_date": "2020-06-19", "url": "/article/idUSKBN23Q2JS", "headline": "Spat on and abused: Coronavirus fuels racism against India's northeasterners"}, {"published_date": "2020-06-19", "url": "/article/idUSL8N2DU08D", "headline": "FEATURE-Spat on and abused: Coronavirus fuels racism against India's northeasterners"}, {"published_date": "2020-06-19", "url": "/article/idUSL8N2DV3BC", "headline": "COLUMN-Friend or foe? Canadian imports split U.S. aluminium sector: Andy Home"}, {"published_date": "2020-06-19", "url": "/article/idUSKBN23Q221", "headline": "Soccer player puts spotlight on plight of migrant fruit pickers in Spain"}, {"published_date": "2020-06-19", "url": "/article/idUSL8N2DV56K", "headline": "Soccer player puts spotlight on plight of migrant fruit pickers in Spain"}, {"published_date": "2020-06-18", "url": "/article/idUSKBN23P1V1", "headline": "'Taking the knee' seems to be from Game of Thrones: UK foreign minister"}, {"published_date": "2020-06-18", "url": "/article/idUSKBN23P1ER", "headline": "Brussels adds George Floyd memorial to large mural collection"}, {"published_date": "2020-06-18", "url": "/article/idUSKBN23O30J", "headline": "Soccer: Players take a knee as Premier League restarts"}, {"published_date": "2020-06-18", "url": "/article/idUSKBN23O29D", "headline": "Trump administration proposes rolling back protections for big tech"}, {"published_date": "2020-06-17", "url": "/article/idUSKBN23O1LK", "headline": "Brother of George Floyd urges U.N. probe into U.S. racism, violence"}, {"published_date": "2020-06-17", "url": "/article/idUSL1N2DU0VR", "headline": "UPDATE 5-Trump administration proposes rolling back protections for big tech"}, {"published_date": "2020-06-17", "url": "/article/idUSL8N2DU638", "headline": "UPDATE 2-Soccer-Sheffield United denied by tech error in 0-0 draw with Villa"}, {"published_date": "2020-06-17", "url": "/article/idUSKBN23O3B9", "headline": "Tiny sponges may soak up coronavirus; old steroid dexamethasone saves <b>lives</b> in COVID-19 study"}, {"published_date": "2020-06-17", "url": "/article/idUSL1N2DU1L8", "headline": "COVID SCIENCE-Tiny sponges may soak up coronavirus; old steroid dexamethasone saves <b>lives</b> in COVID-19 study"}, {"published_date": "2020-06-17", "url": "/article/idUSL8N2DU2O2", "headline": "UPDATE 3-Brother of George Floyd urges U.N. probe into U.S. racism, violence"}, {"published_date": "2020-06-17", "url": "/article/idUSL8N2DU61S", "headline": "Soccer-Villa and Sheffield United draw 0-0 on Premier League return"}, {"published_date": "2020-06-17", "url": "/article/idUSL1N2DU16T", "headline": "LIVESTOCK-U.S. hog futures continue to face headwinds over demand questions"}, {"published_date": "2020-06-17", "url": "/article/idUSKBN23O23F", "headline": "Dalit killings in Nepal spark outrage over caste discrimination"}, {"published_date": "2020-06-17", "url": "/article/idUSKBN23O1SS", "headline": "More work to be done to tackle discrimination, says PM Johnson"}, {"published_date": "2020-06-17", "url": "/article/idUSS8N2D4057", "headline": "More work to be done to tackle discrimination, says UK PM Johnson"}, {"published_date": "2020-06-17", "url": "/article/idUSKBN23O1AZ", "headline": "Global Pride event to unite groups after canceled parades"}, {"published_date": "2020-06-17", "url": "/article/idUSL8N2DT50K", "headline": "Global Pride event to unite groups after cancelled parades"}, {"published_date": "2020-06-16", "url": "/article/idUSKBN23N3DV", "headline": "Silver: NBA will address player concerns before return"}, {"published_date": "2020-06-16", "url": "/article/idUSKBN23N2P6", "headline": "Factbox: What changes are companies making in response to George Floyd protests?"}, {"published_date": "2020-06-16", "url": "/article/idUSL4N2DT20X", "headline": "UPDATE 5-India and China troops clash at disputed border with 'casualties on both sides'"}, {"published_date": "2020-06-16", "url": "/article/idUSKBN23N1XZ", "headline": "Premier League CEO backs 'Black <b>Lives</b> <b>Matter</b>' on team shirts"}, {"published_date": "2020-06-16", "url": "/article/idUSKBN23N0K7", "headline": "Escalating intimidation, threats, ahead of high-profile treason verdict, Indonesian rights groups say"}, {"published_date": "2020-06-16", "url": "/article/idUSKBN23N0IU", "headline": "Report: NBPA discusses playing amid Black <b>Lives</b> <b>Matter</b> movement"}, {"published_date": "2020-06-15", "url": "/article/idUSL1N2DS1AY", "headline": "Six former eBay employees charged with cyberstalking Massachusetts couple"}, {"published_date": "2020-06-15", "url": "/article/idUSKBN23K0S9", "headline": "Factbox: What changes are companies making in response to George Floyd protests?"}, {"published_date": "2020-06-15", "url": "/article/idUSKBN23M17N", "headline": "Beirut's nightlife on the brink as pandemic compounds financial crisis"}, {"published_date": "2020-06-15", "url": "/article/idUSL8N2DR0DM", "headline": "Beirut's nightlife on the brink as pandemic compounds financial crisis"}, {"published_date": "2020-06-14", "url": "/article/idUSKBN23L0O9", "headline": "Anti-racism protest signs, murals destined for U.S. Smithsonian"}, {"published_date": "2020-06-14", "url": "/article/idUSL8N2DR0NH", "headline": "Britain's Johnson to launch cross-government commission on racism"}, {"published_date": "2020-06-14", "url": "/article/idUSKBN23K0BT", "headline": "Johnson condemns 'thuggery' after far-right protests in London"}, {"published_date": "2020-06-13", "url": "/article/idUSL8N2DQ08N", "headline": "UPDATE 6-Johnson condemns 'thuggery' after far-right protests in London"}, {"published_date": "2020-06-13", "url": "/article/idUSKBN23K0KI", "headline": "Ukraine alleges $5 million bribe over Burisma, no Biden link"}, {"published_date": "2020-06-13", "url": "/article/idUSKBN23K0DC", "headline": "Thousands attend Black <b>Lives</b> <b>Matter</b> protests across Australia"}, {"published_date": "2020-06-13", "url": "/article/idUSL4N2DQ04U", "headline": "RPT-Thousands attend Black <b>Lives</b> <b>Matter</b> protests across Australia"}, {"published_date": "2020-06-13", "url": "/article/idUSL4N2DQ03U", "headline": "Thousands attend Black <b>Lives</b> <b>Matter</b> protests across Australia"}, {"published_date": "2020-06-12", "url": "/article/idUSKBN23K005", "headline": "Man charged with threatening to torch African American church in Virginia"}, {"published_date": "2020-06-12", "url": "/article/idUSKBN23J35Y", "headline": "Facebook fires employee who protested inaction on Trump posts"}, {"published_date": "2020-06-12", "url": "/article/idUSL1N2DP2F3", "headline": "UPDATE 2-Facebook fires employee who protested inaction on Trump posts"}, {"published_date": "2020-06-12", "url": "/article/idUSL1N2DP13S", "headline": "Black actors and singers to headline livestream for global gay pride"}, {"published_date": "2020-06-12", "url": "/article/idUSKBN23J0MB", "headline": "Player names to be replaced by 'Black <b>Lives</b> <b>Matter</b>' when Premier League resumes"}, {"published_date": "2020-06-12", "url": "/article/idUSL4N2DP3FK", "headline": "UPDATE 1-Soccer-Player names to be replaced by \"Black <b>Lives</b> <b>Matter</b>\" when Premier League resumes"}, {"published_date": "2020-06-12", "url": "/article/idUSKBN23J13O", "headline": "Refusing to be silenced, some Myanmar journalists work from shadows"}, {"published_date": "2020-06-12", "url": "/article/idUSL4N2DP2DO", "headline": "UPDATE 1-Refusing to be silenced, some Myanmar journalists work from shadows"}, {"published_date": "2020-06-12", "url": "/article/idUSKBN23J2BS", "headline": "Coronavirus exposes 'brutal inequality' of South Africa townships"}, {"published_date": "2020-06-12", "url": "/article/idUSL8N2DO51T", "headline": "Coronavirus exposes 'brutal inequality' of S.Africa townships"}, {"published_date": "2020-06-12", "url": "/article/idUSKBN23J1I9", "headline": "What rebound? North Dakota in economic crunch as virus batters oil, agriculture"}, {"published_date": "2020-06-12", "url": "/article/idUSL1N2D4271", "headline": "INSIGHT-What rebound? North Dakota in economic crunch as virus batters oil, agriculture"}, {"published_date": "2020-06-12", "url": "/article/idUSKBN23J0FK", "headline": "Rio Tinto chief says sorry for sacred caves blast; Australia starts inquiry"}, {"published_date": "2020-06-11", "url": "/article/idUSKBN23I3J1", "headline": "Factbox: What changes are companies making in response to George Floyd protests?"}, {"published_date": "2020-06-11", "url": "/article/idUSKBN23I3B3", "headline": "Trump plans order on policing, opposes major reforms"}, {"published_date": "2020-06-11", "url": "/article/idUSKBN23I1TU", "headline": "Gay Pride embraces its roots by teaming up with U.S. black activists"}, {"published_date": "2020-06-11", "url": "/article/idUSKBN23I3CY", "headline": "UK courts prepare fast-track prosecutions for Black <b>Lives</b> <b>Matter</b> protests: The Times"}, {"published_date": "2020-06-11", "url": "/article/idUSKBN23I33O", "headline": "Oklahoma City suspect who died said he couldn't breathe; police officer said 'I don't care'"}, {"published_date": "2020-06-11", "url": "/article/idUSKBN23I2TA", "headline": "Factbox: What changes are companies making in response to George Floyd protests?"}, {"published_date": "2020-06-11", "url": "/article/idUSL4N2DO2P2", "headline": "Australian Rules-AFL resumes with a thriller and an anti-racism protest"}, {"published_date": "2020-06-11", "url": "/article/idUSKBN23I04B", "headline": "Australian PM draws criticism for 'no slavery in Australia' comment"}, {"published_date": "2020-06-11", "url": "/article/idUSL1N2DN2TI", "headline": "Gay Pride embraces its roots by teaming up with U.S. black activists"}, {"published_date": "2020-06-11", "url": "/article/idUSKBN23H1NB", "headline": "George Floyd's brother decries 'a modern-day lynching' in testimony to Congress"}, {"published_date": "2020-06-11", "url": "/article/idUSKBN23I1AS", "headline": "Chinese smartphone brands in India turn to expensive imports as plants struggle: sources"}, {"published_date": "2020-06-11", "url": "/article/idUSL4N2DO1OJ", "headline": "UPDATE 1-Chinese smartphone brands in India turn to expensive imports as plants struggle -sources"}, {"published_date": "2020-06-11", "url": "/article/idUSKBN23I1B4", "headline": "Tigers draft Torkelson first overall, move him to 3B"}, {"published_date": "2020-06-11", "url": "/article/idUSL4N2DO18X", "headline": "UPDATE 1-Australian PM draws criticism for \"no slavery in Australia\" comment"}, {"published_date": "2020-06-10", "url": "/article/idUSKBN23H3G3", "headline": "Author of 'How to Be An Antiracist' urges action to support policy"}, {"published_date": "2020-06-10", "url": "/article/idUSKBN23I02P", "headline": "U.S. Soccer says it will allow protests during anthem"}, {"published_date": "2020-06-10", "url": "/article/idUSL4N2DO04F", "headline": "Australian officials warn Black <b>Lives</b> <b>Matter</b> protesters of potential arrest"}, {"published_date": "2020-06-10", "url": "/article/idUSL1N2DN2VJ", "headline": "Author of 'How to Be An Antiracist' urges action to support policy"}, {"published_date": "2020-06-10", "url": "/article/idUSKBN23H3AE", "headline": "'Treated like crap' - Black women march for equality in U.S. protests"}, {"published_date": "2020-06-10", "url": "/article/idUSL1N2DL0V0", "headline": "'Treated like crap' - Black women march for equality in U.S. protests"}, {"published_date": "2020-06-10", "url": "/article/idUSKBN23H28L", "headline": "Should we remove statues of Congo's coloniser king, Belgian councillor asks"}, {"published_date": "2020-06-10", "url": "/article/idUSL4N2DN2M8", "headline": "Soccer-Need more than hashtags, campaigns to curb racism, says Kanoute"}, {"published_date": "2020-06-10", "url": "/article/idUSKBN23H0DM", "headline": "California, Southwest face new coronavirus woes as U.S. economy reopens"}, {"published_date": "2020-06-10", "url": "/article/idUSKBN23H0QD", "headline": "Osaka in no mood to back down on support for Black <b>Lives</b> <b>Matter</b>"}, {"published_date": "2020-06-09", "url": "/article/idUSL1N2DN01J", "headline": "California, Southwest face new coronavirus woes as U.S. economy reopens"}, {"published_date": "2020-06-09", "url": "/article/idUSKBN23H078", "headline": "Factbox: Corporations pledge $1.7 billion to address racism, injustice"}, {"published_date": "2020-06-09", "url": "/article/idUSKBN23G32M", "headline": "PGA Tour players call for social justice"}, {"published_date": "2020-06-09", "url": "/article/idUSKBN23G2W8", "headline": "MSG, Knicks reverse course, issue statement on racism"}, {"published_date": "2020-06-09", "url": "/article/idUSKBN23G2QQ", "headline": "South Africans protest police brutality against poor under lockdown"}, {"published_date": "2020-06-09", "url": "/article/idUSL8N2DL54R", "headline": "S. Africans protest police brutality against poor under lockdown"}, {"published_date": "2020-06-09", "url": "/article/idUSKBN23G2EK", "headline": "British opposition leader Starmer takes a knee in support of Black <b>Lives</b> <b>Matter</b>"}, {"published_date": "2020-06-09", "url": "/article/idUSL8N2DM4GP", "headline": "L'Oreal offers new job to black transgender model sacked over race remarks"}, {"published_date": "2020-06-09", "url": "/article/idUSKBN23G08C", "headline": "Protesters gather to mark 'million-people' march anniversary in Hong Kong"}, {"published_date": "2020-06-09", "url": "/article/idUSKBN23G1FS", "headline": "After George Floyd's death, a groundswell of religious activism"}, {"published_date": "2020-06-09", "url": "/article/idUSL8N2DM2BI", "headline": "Daniel Radcliffe backs trans youth after J. K. Rowling tweets"}, {"published_date": "2020-06-09", "url": "/article/idUSKBN23G16Z", "headline": "Top brands probe 'union-busting' as virus spurs sackings at factories in Asia"}, {"published_date": "2020-06-09", "url": "/article/idUSKBN23G161", "headline": "Beatings, racial slurs: Germany's surge in racism reports"}, {"published_date": "2020-06-09", "url": "/article/idUSKBN23F0L1", "headline": "Thousands pay tribute to George Floyd as pressure mounts for U.S. police reform"}, {"published_date": "2020-06-09", "url": "/article/idUSL8N2DF05D", "headline": "Top brands probe 'union-busting' as virus spurs sackings at factories in Asia"}, {"published_date": "2020-06-08", "url": "/article/idUSKBN23F30A", "headline": "Calls to support black trans women rise amid U.S. protests"}, {"published_date": "2020-06-08", "url": "/article/idUSL8N2DL5X0", "headline": "Calls to support black trans women rise amid U.S. protests"}, {"published_date": "2020-06-08", "url": "/article/idUSKBN23E0UM", "headline": "Floyd's death spurs 'Gen Z' activists to set up new D.C. rights group"}, {"published_date": "2020-06-08", "url": "/article/idUSKBN23F1UV", "headline": "Fact check:\u00a0One Chick-fil-A restaurant\u2019s email on protests not representative of company\u2019s\u00a0guidance\u00a0\u00a0"}, {"published_date": "2020-06-08", "url": "/article/idUSKBN23C1A7", "headline": "Emboldened protesters march again, demanding police reforms after Floyd killing"}, {"published_date": "2020-06-08", "url": "/article/idUSKBN23E0A3", "headline": "Tens of thousands join Black <b>Lives</b> <b>Matter</b> protest in London"}, {"published_date": "2020-06-07", "url": "/article/idUSKBN23E08T", "headline": "K-pop boyband BTS' fans match group's $1 million donation to Black <b>Lives</b> <b>Matter</b>"}, {"published_date": "2020-06-07", "url": "/article/idUSL4N2DL0JQ", "headline": "UPDATE 1-K-pop boyband BTS' fans match group's $1 million donation to Black <b>Lives</b> <b>Matter</b>"}, {"published_date": "2020-06-07", "url": "/article/idUSKBN23F03B", "headline": "As Pakistan glacier melt surges, efforts to cut flood risk drag"}, {"published_date": "2020-06-07", "url": "/article/idUSL8N2DH50H", "headline": "FEATURE-As Pakistan glacier melt surges, efforts to cut flood risk drag"}, {"published_date": "2020-06-07", "url": "/article/idUSL8N2DK07Y", "headline": "UPDATE 5-Tens of thousands join Black <b>Lives</b> <b>Matter</b> protest in London"}, {"published_date": "2020-06-07", "url": "/article/idUSKBN23F03B", "headline": "As Pakistan glacier melt surges, efforts to cut flood risk drag"}, {"published_date": "2020-06-07", "url": "/article/idUSL8N2DH50H", "headline": "FEATURE-As Pakistan glacier melt surges, efforts to cut flood risk drag"}, {"published_date": "2020-06-07", "url": "/article/idUSL8N2DK07Y", "headline": "UPDATE 5-Tens of thousands join Black <b>Lives</b> <b>Matter</b> protest in London"}, {"published_date": "2020-06-07", "url": "/article/idUSKBN23E0W0", "headline": "Soccer: Manchester City's Sterling backs anti-racism protests"}, {"published_date": "2020-06-07", "url": "/article/idUSKBN23E0FM", "headline": "Exclusive: In warning sign for Trump, Republicans growing pessimistic about country's direction"}, {"published_date": "2020-06-07", "url": "/article/idUSL4N2DK0A5", "headline": "RPT-South Korean boyband BTS donates $1 million to Black <b>Lives</b> <b>Matter</b>"}, {"published_date": "2020-06-07", "url": "/article/idUSL8N2DK06N", "headline": "Bollywood faces flak for protesting racism while backing skin lightening"}, {"published_date": "2020-06-07", "url": "/article/idUSL4N2DK05U", "headline": "South Korean boyband BTS donates $1 million to Black <b>Lives</b> <b>Matter</b>"}, {"published_date": "2020-06-06", "url": "/article/idUSKBN23E009", "headline": "Broncos players, coaches, execs lead protest in Denver"}, {"published_date": "2020-06-06", "url": "/article/idUSKBN23D0W6", "headline": "World boxing champion Joshua attends march, says racism is a pandemic"}, {"published_date": "2020-06-06", "url": "/article/idUSKBN23C28Z", "headline": "Protests against police violence sweep across small-town America"}, {"published_date": "2020-06-06", "url": "/article/idUSKBN23D0H9", "headline": "'Am I going to get shot?' kids ask, as brands try to explain racism and violence to children"}, {"published_date": "2020-06-06", "url": "/article/idUSL1N2DJ077", "headline": "UPDATE 1-'Am I going to get shot?' kids ask, as brands try to explain racism and violence to children"}, {"published_date": "2020-06-06", "url": "/article/idUSL1N2DI28H", "headline": "'Am I going to get shot?' kids ask, as brands try to explain racism and violence to children"}, {"published_date": "2020-06-06", "url": "/article/idUSKBN23D08Q", "headline": "Thousands in Australia rally against racism defying public health rules"}, {"published_date": "2020-06-06", "url": "/article/idUSL4N2DJ02L", "headline": "UPDATE 1-Thousands in Australia rally against racism defying public health rules"}, {"published_date": "2020-06-06", "url": "/article/idUSL1N2DI0Y4", "headline": "WRAPUP 9-Democratic U.S. politicians urge police reform as protesters march for 11th day"}, {"published_date": "2020-06-05", "url": "/article/idUSKBN23C36B", "headline": "'We were wrong': NFL commissioner regrets stance on player protests, condemns racism"}, {"published_date": "2020-06-05", "url": "/article/idUSKBN23D038", "headline": "Black girls and supporters surf around the world to honor George Floyd"}, {"published_date": "2020-06-05", "url": "/article/idUSKBN23C37F", "headline": "Systemic racism is killing blacks two ways, author Bakari Sellers says"}, {"published_date": "2020-06-04", "url": "/article/idUSKBN23C088", "headline": "'How it's going ...' Goldman executive's email on racial inequality in America"}, {"published_date": "2020-06-04", "url": "/article/idUSL4N2DI03O", "headline": "TEXT-'How it's going ...' Goldman executive's email on racial inequality in America"}, {"published_date": "2020-06-04", "url": "/article/idUSKBN23B31G", "headline": "Virginia governor banishes statue of Civil War General Lee"}, {"published_date": "2020-06-04", "url": "/article/idUSKBN23B3FB", "headline": "Children speak up at George Floyd memorial amid their parents' hopes and fears"}, {"published_date": "2020-06-04", "url": "/article/idUSKBN23B359", "headline": "Fact check: Man asking white woman to kneel and apologize is not a representative of Black <b>Lives</b> <b>Matter</b>"}, {"published_date": "2020-06-04", "url": "/article/idUSKBN23B2LL", "headline": "Special Report: How union, Supreme Court shield Minneapolis cops"}, {"published_date": "2020-06-04", "url": "/article/idUSKBN23B0RI", "headline": "Madeleine McCann is assumed dead, German prosecutor says"}, {"published_date": "2020-06-04", "url": "/article/idUSKBN23A1FY", "headline": "New charges against Minneapolis policemen as protests continue"}, {"published_date": "2020-06-04", "url": "/article/idUSL4N2DH3LL", "headline": "Chris Trousdale, Ex-Member of Boy Band DreamStreet"}, {"published_date": "2020-06-04", "url": "/article/idUSKBN23A06I", "headline": "Hackers and hucksters reinvigorate 'Anonymous' brand amid protests"}, {"published_date": "2020-06-04", "url": "/article/idUSKBN23B22I", "headline": "Protests lead brands to speak out against racism. But will they act?"}, {"published_date": "2020-06-04", "url": "/article/idUSL8N2DG5HD", "headline": "Protests lead brands to speak out against racism. But will they act?"}, {"published_date": "2020-06-04", "url": "/article/idUSL8N2DF5GR", "headline": "CORRECTED-UPDATE 2-Protests over George Floyd's death expose raw race relations worldwide"}, {"published_date": "2020-06-04", "url": "/article/idUSKBN23B0SB", "headline": "Black <b>lives</b> <b>matter</b> says Meghan, calling U.S. events 'devastating'"}, {"published_date": "2020-06-03", "url": "/article/idUSKBN23A1XS", "headline": "'No justice, no peace': Tens of thousands in London protest death of Floyd"}, {"published_date": "2020-06-03", "url": "/article/idUSKBN23A3FG", "headline": "Obama calls on <b>all</b> U.S. mayors to pursue policing reforms in wake of protests"}, {"published_date": "2020-06-03", "url": "/article/idUSKBN2392PE", "headline": "Protests over George Floyd's death expose raw race relations worldwide"}, {"published_date": "2020-06-03", "url": "/article/idUSL8N2DG3ZA", "headline": "UPDATE 4-'No justice, no peace': Tens of thousands in London protest death of Floyd"}, {"published_date": "2020-06-03", "url": "/article/idUSL1N2DG1NH", "headline": "UPDATE 1-Hackers and hucksters reinvigorate 'Anonymous' brand amid protests"}, {"published_date": "2020-06-03", "url": "/article/idUSKBN23A0UU", "headline": "'Big Three' join #BlackoutTuesday campaign against racial injustice"}, {"published_date": "2020-06-02", "url": "/article/idUSL1N2DF2CP", "headline": "Hackers and hucksters reinvigorate 'Anonymous' brand amid protests"}, {"published_date": "2020-06-02", "url": "/article/idUSKBN23A067", "headline": "First-time young black women protesters say they are 'done being silent'"}, {"published_date": "2020-06-02", "url": "/article/idUSKBN23922W", "headline": "#BlackOutTuesday sweeps social media as U.S. street protests escalate"}, {"published_date": "2020-06-02", "url": "/article/idUSL1N2DF1G9", "headline": "First-time young black women protesters say they are \"done being silent\""}, {"published_date": "2020-06-02", "url": "/article/idUSKBN2392WX", "headline": "TikTok has its Arab Spring moment as teen activism overtakes dance moves"}, {"published_date": "2020-06-02", "url": "/article/idUSKBN2392WJ", "headline": "F1 champion Hamilton 'overcome with rage' at racial injustice"}, {"published_date": "2020-06-02", "url": "/article/idUSL1N2DE19U", "headline": "TikTok has its Arab Spring moment as teen activism overtakes dance moves"}, {"published_date": "2020-06-02", "url": "/article/idUSL1N2DF19E", "headline": "UPDATE 1 -#BlackOutTuesday sweeps social media as U.S. street protests escalate"}, {"published_date": "2020-06-02", "url": "/article/idUSL8N2DF4VM", "headline": "Protests over Floyd's death expose raw race relations worldwide"}, {"published_date": "2020-06-02", "url": "/article/idUSKBN2392AQ", "headline": "H&M closes U.S. stores amid protests, says it stands behind black community"}, {"published_date": "2020-06-02", "url": "/article/idUSKBN23919P", "headline": "EU 'appalled' by Floyd's death, warns against excess force"}, {"published_date": "2020-06-02", "url": "/article/idUSL8N2DF2C0", "headline": "EU 'appalled' by Floyd's death, warns against excess force"}, {"published_date": "2020-06-01", "url": "/article/idUSKBN2383OK", "headline": "Fact\u00a0check:\u00a0Washington,\u00a0D.C.\u00a0did not have a city-wide blackout\u00a0at 1 a.m.\u00a0on June 1, 2020\u00a0"}, {"published_date": "2020-06-01", "url": "/article/idUSKBN238281", "headline": "Trump faces election risks in looming Supreme Court ruling on 'Dreamers'"}, {"published_date": "2020-06-01", "url": "/article/idUSKBN23839M", "headline": "PGA Tour recommends competitors to take COVID-19 test before attending events"}, {"published_date": "2020-06-01", "url": "/article/idUSL8N2DE4FG", "headline": "Golf-PGA Tour recommends competitors to take COVID-19 test before attending events"}, {"published_date": "2020-05-29", "url": "/article/idUSFLM7Gl961", "headline": "TSM's Fortnite team fines ZexRow for profane rant"}, {"published_date": "2020-05-29", "url": "/article/idUSKBN23537J", "headline": "Videos of U.S. police killings spur protest - and sometimes charges"}, {"published_date": "2020-05-29", "url": "/article/idUSKBN2352RU", "headline": "India's Foreign Ministry asks some officials to quarantine after two positive for virus"}, {"published_date": "2020-05-29", "url": "/article/idUSL4N2DB3GS", "headline": "India's Foreign Ministry asks some officials to quarantine after two positive for virus"}, {"published_date": "2020-05-29", "url": "/article/idUSKBN2351UK", "headline": "Destruction of ancient Aboriginal site sparks calls for reform in Australia"}, {"published_date": "2020-05-29", "url": "/article/idUSL8N2DA3LQ", "headline": "FEATURE-Destruction of ancient Aboriginal site sparks calls for reform in Australia"}, {"published_date": "2020-05-29", "url": "/article/idUSKBN235048", "headline": "As China's factories feel economic blues, band of workers tell their story through rock music"}, {"published_date": "2020-05-28", "url": "/article/idUSKBN2350DX", "headline": "Breakingviews - China can <b>live</b> with a less special Hong Kong"}, {"published_date": "2020-05-28", "url": "/article/idUSL4N2D8121", "headline": "FEATURE-As China's factories feel economic blues, band of workers tell their story through rock music"}, {"published_date": "2020-05-28", "url": "/article/idUSKBN2332G9", "headline": "Protests, looting erupt in Minneapolis over racially charged killing by police"}, {"published_date": "2020-05-28", "url": "/article/idUSKBN23335B", "headline": "Factbox: Where states stand as U.S. reaches 100,000 coronavirus deaths"}, {"published_date": "2020-05-28", "url": "/article/idUSL1N2D019N", "headline": "REFILE-Where states stand as U.S. reaches 100,000 coronavirus deaths"}, {"published_date": "2020-05-28", "url": "/article/idUSL8N2DA6BN", "headline": "Widower's U.S. court win secures social security benefits for LGBT+ couples"}, {"published_date": "2020-05-28", "url": "/article/idUSKBN2322PD", "headline": "Fact check: Climate change skeptic Naomi Seibt was not banned from social media for her views and she is appealing a regulator\u2019s order to remove two videos"}, {"published_date": "2020-05-28", "url": "/article/us-health-coronavirus-nurses-homecoming/a-pandemic-nurses-love-letter-to-new-york-idUSKBN2340OK", "headline": "A pandemic nurse's love letter to New York"}, {"published_date": "2020-05-28", "url": "/article/idUSKBN2341FF", "headline": "U.S. towns fear 'devastation' as coronavirus keeps tourists home"}, {"published_date": "2020-05-28", "url": "/article/idUSL1N2D22GT", "headline": "FEATURE- U.S. towns fear 'devastation' as coronavirus keeps tourists home"}, {"published_date": "2020-05-28", "url": "/article/idUSL1N2D909C", "headline": "FEATURE-A pandemic nurse's love letter to New York"}, {"published_date": "2020-05-27", "url": "/article/idUSKBN2332JO", "headline": "Special Report: U.S. takes aim at the power behind Venezuela's Maduro - his first lady"}, {"published_date": "2020-05-27", "url": "/article/idUSL1N2D82P6", "headline": "SPECIAL REPORT-U.S. takes aim at the power behind Venezuela's Maduro: his first lady"}, {"published_date": "2020-05-27", "url": "/article/idUSKBN2321MY", "headline": "Motor racing: Abt leaves Audi Formula E team after esports deception"}, {"published_date": "2020-05-27", "url": "/article/idUSKBN2331BG", "headline": "As coronavirus 'storm cloud' gathers, black church in Missouri braces for mourning"}, {"published_date": "2020-05-27", "url": "/article/idUSKBN2321DU", "headline": "Special Report: Bolsonaro brought in his generals to fight coronavirus. Brazil is losing the battle"}, {"published_date": "2020-05-27", "url": "/article/idUSL2N2CA18B", "headline": "As coronavirus 'storm cloud' gathers, black church in Missouri braces for mourning"}, {"published_date": "2020-05-26", "url": "/article/idUSKBN23304V", "headline": "NHL restart plan makes dollars and sense"}, {"published_date": "2020-05-26", "url": "/article/idUSL1N2D82B8", "headline": "US STOCKS-S&P 500 rises on economic recovery and vaccine hopes, pulls back from highs"}, {"published_date": "2020-05-26", "url": "/article/idUSL1N2D81XW", "headline": "US STOCKS-S&P 500 rises on economic recovery and vaccine hopes, pulls back from highs"}, {"published_date": "2020-05-26", "url": "/article/idUSL1N2D81OW", "headline": "US STOCKS-S&P 500 clears 3,000 barrier on economic recovery and vaccine hopes"}, {"published_date": "2020-05-26", "url": "/article/idUSL8N2D83PR", "headline": "UPDATE 3-Motor racing-Abt leaves Audi Formula E team after esports deception"}, {"published_date": "2020-05-26", "url": "/article/idUSL4N2D837T", "headline": "US STOCKS-S&P 500 tops 3,000 on hopes of economic recovery, COVID-19 vaccine"}, {"published_date": "2020-05-26", "url": "/article/idUSL4N2D82VK", "headline": "US STOCKS-Wall St set to surge at open on recovery, vaccine hopes"}, {"published_date": "2020-05-26", "url": "/article/idUSL8N2CU7KL", "headline": "SPECIAL REPORT-Bolsonaro brought in his generals to fight coronavirus. Brazil is losing the battle"}, {"published_date": "2020-05-25", "url": "/article/idUSKBN231112", "headline": "Chicago artist fills pesky potholes with pandemic art"}, {"published_date": "2020-05-25", "url": "/article/idUSL1N2D32DP", "headline": "Chicago artist fills pesky potholes with pandemic art"}]