[{"published_date": "2020-06-10", "url": "https://www.cnn.com/2020/06/10/us/all-lives-matter-reenact-george-floyd-black-lives-matter-trnd/index.html", "headline": "All Lives Matter protesters re-enacted George Floyd's death as a Black Lives Matter march went by"}, {"published_date": "2020-06-23", "url": "https://www.cnn.com/us/live-news/black-lives-matter-protests-06-24-2020/index.html", "headline": "Black Lives Matter movement"}, {"published_date": "2020-06-21", "url": "https://www.cnn.com/us/live-news/black-lives-matter-protests-06-22-2020/index.html", "headline": "June 22 Black Lives Matter protests"}, {"published_date": "2020-06-12", "url": "https://www.cnn.com/us/live-news/george-floyd-protests-06-13-20/index.html", "headline": "June 13 Black Lives Matter protests"}, {"published_date": "2020-06-21", "url": "https://www.cnn.com/us/live-news/black-lives-matter-protests-06-21-2020/index.html", "headline": "June 21 Black Lives Matter protests"}, {"published_date": "2020-06-12", "url": "https://www.cnn.com/us/live-news/george-floyd-protests-06-12-20/index.html", "headline": "June 12 Black Lives Matter protests"}, {"published_date": "2020-06-12", "url": "https://www.cnn.com/us/live-news/george-floyd-protests-06-15-20/index.html", "headline": "June 15 Black Lives Matter protests"}, {"published_date": "2020-06-10", "url": "https://www.cnn.com/us/live-news/george-floyd-protests-06-11-20/index.html", "headline": "June 11 Black Lives Matter protests"}, {"published_date": "2020-06-10", "url": "https://www.cnn.com/us/live-news/george-floyd-protests-06-10-20/index.html", "headline": "June 10 Black Lives Matter protests"}, {"published_date": "2020-06-19", "url": "https://www.cnn.com/us/live-news/black-lives-matter-protests-06-20-2020/index.html", "headline": "June 20 Black Lives Matter protest news"}, {"published_date": "2020-06-20", "url": "https://www.cnn.com/2020/06/20/us/jason-mraz-donates-look-for-the-good-album-trnd/index.html", "headline": "Jason Mraz is donating all the earnings from his new album to Black Lives Matter and other groups"}, {"published_date": "2020-06-17", "url": "https://www.cnn.com/us/live-news/black-lives-matter-protests-06-18-2020/index.html", "headline": "June 18 Black Lives Matter protest news"}, {"published_date": "2020-07-24", "url": "https://www.cnn.com/2020/07/24/us/black-lives-matter-why-i-march-trnd/index.html", "headline": "The three reasons Black Lives Matter marchers refuse to quit"}, {"published_date": "2020-06-18", "url": "https://www.cnn.com/us/live-news/black-lives-matter-protests-06-19-2020/index.html", "headline": "June 19 Black Lives Matter protest news"}, {"published_date": "2020-06-22", "url": "https://www.cnn.com/2020/06/21/us/espys-black-lives-matter-opening-spt-trnd/index.html", "headline": "The ESPY Awards make sure viewers know Black Lives Matter"}, {"published_date": "2020-06-23", "url": "https://www.cnn.com/us/live-news/black-lives-matter-protests-06-23-2020/index.html", "headline": "June 23 Black Lives Matter protests"}, {"published_date": "2020-06-16", "url": "https://www.cnn.com/us/live-news/black-lives-matter-protests-06-17-2020/index.html", "headline": "June 17 Black Lives Matter protests news"}, {"published_date": "2020-07-24", "url": "https://www.cnn.com/2020/07/23/us/opening-day-baseball-mlb-black-lives-matter-trnd/index.html", "headline": "Baseball is making Black Lives Matter center stage on Opening Day"}, {"published_date": "2020-06-06", "url": "https://www.cnn.com/2020/06/06/us/black-lives-matter-dc-street-mural-space-trnd/index.html", "headline": "Washington's new Black Lives Matter street mural is captured in satellite image"}, {"published_date": "2020-06-12", "url": "https://www.cnn.com/us/live-news/george-floyd-protests-06-14-20/index.html", "headline": "Black Lives Matter protests across the US and world"}, {"published_date": "2020-06-08", "url": "https://www.cnn.com/us/live-news/black-lives-matter-protests-george-floyd-06-09-2020/index.html", "headline": "Black Lives Matter protests across the US"}, {"published_date": "2020-07-26", "url": "https://www.cnn.com/2020/07/26/us/black-lives-matter-explainer-trnd/index.html", "headline": "How Black Lives Matter went from a hashtag to a global rallying cry"}, {"published_date": "2020-06-15", "url": "https://www.cnn.com/us/live-news/black-lives-matter-protests-06-16-2020/index.html", "headline": "June 16 Black Lives Matter protest news"}, {"published_date": "2020-07-09", "url": "https://www.cnn.com/2020/07/09/us/trump-tower-black-lives-matter-mural-new-york-trnd/index.html", "headline": "New York City paints Black Lives Matter mural outside Trump Tower in Manhattan"}, {"published_date": "2020-07-19", "url": "https://www.cnn.com/2020/07/18/us/blm-mural-vandalism/index.html", "headline": "Black Lives Matter mural outside Trump Tower vandalized three times in one week"}, {"published_date": "2020-07-06", "url": "https://www.cnn.com/2020/07/06/us/black-lives-matter-mural-painted-over-trnd/index.html", "headline": "Police are looking for two White people who painted over a Black Lives Matter mural"}, {"published_date": "2020-06-05", "url": "https://www.cnn.com/2020/06/05/us/justin-trudeau-kneel-black-lives-matter-trnd/index.html", "headline": "Justin Trudeau takes a knee at Black Lives Matter demonstration on Parliament Hill"}, {"published_date": "2020-07-16", "url": "https://www.cnn.com/2020/07/16/us/blue-lives-matter-mural-nyc-trnd/index.html", "headline": "Police groups want to paint a 'Blue Lives Matter' street mural in New York City, too"}, {"published_date": "2020-07-08", "url": "https://www.cnn.com/2020/07/07/us/hate-crime-charges-black-lives-matter-mural-painted-over-trnd/index.html", "headline": "Two people are charged with a hate crime for vandalizing a Black Lives Matter mural"}, {"published_date": "2020-06-08", "url": "https://www.cnn.com/2020/06/08/us/philadelphia-wedding-couple-black-lives-matter-trnd/index.html", "headline": "This couple's wedding first look happened in front of a Black Lives Matter protest"}, {"published_date": "2020-06-05", "url": "https://www.cnn.com/2020/06/05/us/black-lives-matter-dc-street-white-house-trnd/index.html", "headline": "Washington, DC paints a giant 'Black Lives Matter' message on the road to the White House"}, {"published_date": "2020-06-14", "url": "https://www.cnn.com/2020/06/14/us/seattle-black-lives-matter-mural-trnd/index.html", "headline": "Local artists collaborate to paint a giant Black Lives Matter mural on the street"}, {"published_date": "2020-07-07", "url": "https://www.cnn.com/2020/07/07/us/kelly-loeffler-wnba-atlanta-dream-trnd/index.html", "headline": "WNBA revolts over Atlanta Dream co-owner Sen. Kelly Loeffler's comments about Black Lives Matter"}, {"published_date": "2020-07-30", "url": "https://www.cnn.com/2020/07/30/us/blm-mural-spokane-wa-trnd/index.html", "headline": "A Black Lives Matter mural is defaced with red, white and blue paint in Washington state"}, {"published_date": "2020-06-11", "url": "https://www.cnn.com/2020/06/11/us/black-lives-matter-hashtag-popularity-trnd/index.html", "headline": "People are tweeting about Black Lives Matter now more than at any point in the movement's history"}, {"published_date": "2020-06-14", "url": "https://www.cnn.com/2020/06/14/us/black-lives-matter-immigrants-visa-status-protest-trnd/index.html", "headline": "In the Black Lives Matter movement, immigrants find themselves in a tough position"}, {"published_date": "2020-06-23", "url": "https://www.cnn.com/2020/06/23/us/black-lives-matter-damaged-sheriff-employee-trnd/index.html", "headline": "Sheriff's and DA's office employees accused of vandalizing a Black Lives Matter sign in California neighborhood"}, {"published_date": "2020-07-01", "url": "https://www.cnn.com/2020/07/01/us/8-year-old-black-lives-matter-protest-missouri-trnd/index.html", "headline": "An 8-year-old boy organized a Black Lives Matter march for kids. Hundreds showed up."}, {"published_date": "2020-06-06", "url": "https://www.cnn.com/2020/06/06/us/small-town-blm-protests-trnd/index.html", "headline": "Black Lives Matter protests aren't just happening in big cities. They're also in America's small towns"}, {"published_date": "2020-06-06", "url": "https://www.cnn.com/2020/06/06/us/police-arrest-cyclist-accosting-people-posting-signs-trnd/index.html", "headline": "Cyclist caught on video assaulting 3 people posting flyers in support of Black Lives Matter arrested"}, {"published_date": "2020-07-23", "url": "https://www.cnn.com/2020/07/23/us/philadelphia-officer-charged-pepper-spray/index.html", "headline": "Philadelphia police officer charged for pepper spraying Black Lives Matter protesters, prosecutors say"}, {"published_date": "2020-06-27", "url": "https://www.cnn.com/2020/06/27/us/courage-thorns-fc-players-kneel-spt-trnd/index.html", "headline": "National Women's Soccer League players knelt during the national anthem wearing Black Lives Matter shirts"}, {"published_date": "2020-06-18", "url": "https://www.cnn.com/2020/06/18/us/school-blm-chalk-art-removed-trnd/index.html", "headline": "Children are decorating a school with chalk art supporting Black Lives Matter, but people keep washing the messages away"}, {"published_date": "2020-06-08", "url": "https://www.cnn.com/2020/06/08/us/girl-black-lives-matter-montana-agitator-trnd/index.html", "headline": "He showed up angry at a Black Lives Matter protest. She showed how to stare him down."}, {"published_date": "2020-06-17", "url": "https://www.cnn.com/2020/06/17/us/boy-scouts-black-lives-matter-trnd/index.html", "headline": "Boy Scouts of America shows support for Black Lives Matter and will require some scouts to earn diversity badge"}, {"published_date": "2020-06-02", "url": "https://www.cnn.com/2020/06/02/us/blackout-tuesday-black-lives-matter-instagram-trnd/index.html", "headline": "Why posting a black image with the 'Black Lives Matter' hashtag could be doing more harm than good"}, {"published_date": "2020-06-09", "url": "https://www.cnn.com/2020/06/09/us/bubba-wallace-confederate-flag-trnd/index.html", "headline": "NASCAR's Bubba Wallace will have Black Lives Matter paint scheme on car at Martinsville Speedway race"}, {"published_date": "2020-07-30", "url": "https://www.cnn.com/2020/07/30/us/blm-mural-tulsa-ordered-removed-trnd/index.html", "headline": "A 'Black Lives Matter' mural on Tulsa's 'Black Wall Street' is being removed after city officials said it was never approved"}, {"published_date": "2020-06-30", "url": "https://www.cnn.com/2020/06/29/us/nba-black-lives-matter-courts-spt-trnd/index.html", "headline": "NBA and players union to paint 'Black Lives Matter' on courts in Orlando when season resumes, source says"}, {"published_date": "2020-07-31", "url": "https://www.cnn.com/2020/07/31/us/blm-sign-kkk-headquarters-trnd/index.html", "headline": "A White filmmaker held up a Black Lives Matter sign in Harrison, Arkansas, and here's what happened"}, {"published_date": "2020-06-04", "url": "https://www.cnn.com/2020/06/04/us/kpop-bts-blackpink-fans-black-lives-matter-trnd/index.html", "headline": "K-pop fans are taking over 'White Lives Matter' and other anti-Black hashtags with memes and fancams of their favorite stars"}, {"published_date": "2020-07-01", "url": "https://www.cnn.com/2020/07/01/us/st-louis-couple-protest-firearms-mob-trnd/index.html", "headline": "St. Louis homeowner who pointed weapon at protesters says he 'was a victim of a mob' and doesn't oppose Black Lives Matter"}, {"published_date": "2020-07-10", "url": "https://www.cnn.com/2020/07/10/us/jackie-lacey-la-da-black-lives-matter/index.html", "headline": "Black Lives Matter's surprising target: Los Angeles County's first Black district attorney"}, {"published_date": "2020-06-25", "url": "https://www.cnn.com/2020/06/25/us/hijab-removed-booking-photo-black-lives-matter-trnd/index.html", "headline": "A Muslim woman says her headscarf was forcibly removed from her head for a booking photo after being arrested at a Black Lives Matter protest"}, {"published_date": "2020-06-05", "url": "https://www.cnn.com/2020/06/05/us/philadelphia-inquirer-headline-controversy-trnd/index.html", "headline": "Philadelphia Inquirer journalists call out sick after paper publishes the headline: 'Buildings Matter, Too'"}, {"published_date": "2020-06-21", "url": "https://www.cnn.com/2020/06/21/us/hip-hop-black-lives-matter-trnd/index.html", "headline": "10 times hip-hop told you about Black lives who mattered"}, {"published_date": "2020-06-12", "url": "https://www.cnn.com/2020/06/11/us/new-jersey-mayor-protest-trnd/index.html", "headline": "New Jersey mayor faces backlash for telling protesters he's 'pro-black for all the good black people' he knows"}, {"published_date": "2020-07-17", "url": "https://www.cnn.com/2020/07/17/us/florida-coronavirus-patient-dies-hospital/index.html", "headline": "Florida coronavirus patient went from diagnosis to dying in her daughter's arms in a matter of days"}, {"published_date": "2020-06-27", "url": "https://www.cnn.com/2020/06/26/us/all-lives-matter-reenactment-njdoc/index.html", "headline": "NJ corrections officer may lose his job over George Floyd death re-enactment"}, {"published_date": "2020-06-09", "url": "https://www.cnn.com/2020/06/09/us/ask-me-anything-sign-trnd/index.html", "headline": "Texas man holds sign inviting his community to ask him anything about racism"}, {"published_date": "2020-06-15", "url": "https://www.cnn.com/2020/06/15/us/nascar-thin-blue-line-car-trnd/index.html", "headline": "A NASCAR driver raced in a 'Back the Blue' car in support of police"}, {"published_date": "2020-06-07", "url": "https://www.cnn.com/2020/06/07/us/lgbtq-pride-month-events-in-solidarity-with-black-lives-matter-trnd/index.html", "headline": "LGBTQ communities are elevating black voices during Pride Month in solidarity"}, {"published_date": "2020-06-15", "url": "https://www.cnn.com/2020/06/14/us/black-trans-protests/index.html", "headline": "Thousands show up for black trans people in nationwide protests"}, {"published_date": "2020-07-31", "url": "https://www.cnn.com/2020/07/31/us/nba-magic-national-anthem-trnd/index.html", "headline": "Jonathan Isaac responds after being the lone NBA player to stand for National Anthem"}, {"published_date": "2020-07-02", "url": "https://www.cnn.com/2020/07/02/us/race-newsletter-trnd/index.html", "headline": "Performative activism, MLK and the BET Awards: A look back at the week in race and culture"}, {"published_date": "2020-06-13", "url": "https://www.cnn.com/2020/06/13/us/asian-americans-blm-conversations-trnd/index.html", "headline": "Meet the Asian Americans helping to uproot racism in their communities"}, {"published_date": "2020-06-22", "url": "https://www.cnn.com/2020/06/22/us/nascar-race-bubba-wallace-talladega/index.html", "headline": "NASCAR drivers offer Bubba Wallace show of support after noose found in his garage"}, {"published_date": "2020-07-14", "url": "https://www.cnn.com/2020/07/14/us/allentown-police-knee-neck/index.html", "headline": "Allentown Police investigating after video appears to show officer putting his knee on man's neck"}, {"published_date": "2020-06-15", "url": "https://www.cnn.com/2020/06/15/us/george-floyd-death-protest-songs-trnd/index.html", "headline": "George Floyd's death has inspired a new generation of protest songs"}, {"published_date": "2020-07-06", "url": "https://www.cnn.com/2020/07/06/us/wnba-uniforms-say-her-name-spt-trnd/index.html", "headline": "WNBA players will wear uniforms that honor the women and girls lost to police brutality and racial violence"}, {"published_date": "2020-07-21", "url": "https://www.cnn.com/2020/07/21/us/civil-rights-leaders-next-blake/index.html", "headline": "The age of civil rights heroes ended a while ago -- and that actually might be good"}, {"published_date": "2020-07-04", "url": "https://www.cnn.com/2020/07/04/us/fourth-july-america-blake/index.html", "headline": "Our country is in chaos. But it's a great time to be an American"}, {"published_date": "2020-06-12", "url": "https://www.cnn.com/2020/06/12/us/five-things-june-12-trnd/index.html", "headline": "5 things to know for June 12: Protests, election, economy, coronavirus, Lebanon"}, {"published_date": "2020-06-14", "url": "https://www.cnn.com/2020/06/14/us/nascar-black-fans-confederate-flag/index.html", "headline": "For black NASCAR fans, the Confederate flag ban is welcome but long overdue"}, {"published_date": "2020-07-18", "url": "https://www.cnn.com/2020/07/18/us/black-women-overlooked-social-justice-movements-trnd/index.html", "headline": "Black women are often overlooked by social justice movements, a new study finds"}, {"published_date": "2020-07-10", "url": "https://www.cnn.com/2020/07/10/us/desean-jackson-anti-semitic-posts-mitchell-schwartz-spt-trnd/index.html", "headline": "Jewish NFL player Mitchell Schwartz says DeSean Jackson's anti-Semitic posts came from 'a place of ignorance'"}, {"published_date": "2020-07-01", "url": "https://www.cnn.com/2020/06/30/us/los-angeles-city-council-approves-measure-nonviolent-response/index.html", "headline": "Los Angeles City Council moves forward with plan to replace police officers with community-based responders for nonviolent calls"}, {"published_date": "2020-07-29", "url": "https://www.cnn.com/2020/07/29/us/nevada-douglas-county-library-sheriff-trnd/index.html", "headline": "This sheriff said he wouldn't respond to calls at the county's library, after it expressed support for BLM"}, {"published_date": "2020-06-22", "url": "https://www.cnn.com/2020/06/22/us/nascar-noose-bubba-wallace-spt-trnd/index.html", "headline": "Dept. of Justice looking into noose found in NASCAR star Bubba Wallace's garage stall"}, {"published_date": "2020-06-07", "url": "https://www.cnn.com/us/live-news/george-floyd-protests-06-07-20/index.html", "headline": "June 7 George Floyd protest news"}, {"published_date": "2020-06-16", "url": "https://www.cnn.com/2020/06/16/us/five-things-june-16-trnd/index.html", "headline": "5 things to know for June 16: LGBTQ rights, North Korea, protests, police, Covid-19"}, {"published_date": "2020-06-05", "url": "https://www.cnn.com/2020/06/05/us/el-paso-bishop-kneels-trnd/index.html", "headline": "A bishop in El Paso kneeled in prayer for George Floyd. Two days later, Pope Francis called"}, {"published_date": "2020-07-25", "url": "https://www.cnn.com/2020/07/25/us/wnba-season-start-breonna-taylor-cnn/index.html", "headline": "WNBA dedicates season to Breonna Taylor and Say Her Name campaign"}, {"published_date": "2020-07-25", "url": "https://www.cnn.com/2020/07/25/us/portland-stabbing-protest-tear-gas/index.html", "headline": "1 person stabbed as thousands protest in Portland; authorities earlier used tear gas on crowd"}, {"published_date": "2020-07-27", "url": "https://www.cnn.com/2020/07/27/us/us-blm-protests/index.html", "headline": "Peaceful protests and violent clashes erupted this weekend. Here's what happened in 6 cities"}, {"published_date": "2020-07-09", "url": "https://www.cnn.com/2020/07/08/us/mls-black-lives-matter-george-floyd-tribute-spt/index.html", "headline": "Black MLS players raise gloved fists in racial justice protest before first match"}, {"published_date": "2020-06-05", "url": "https://www.cnn.com/2020/06/05/us/george-floyd-hospital-protest-trnd/index.html", "headline": "They spent months helping Covid-19 patients breathe. Now health care workers are kneeling for George Floyd"}, {"published_date": "2020-07-09", "url": "https://www.cnn.com/2020/07/08/us/marc-wilson-biracial-man-shooting-self-defense/index.html", "headline": "Biracial man charged with fatally shooting White teen was acting in self-defense, attorney says"}, {"published_date": "2020-06-29", "url": "https://www.cnn.com/2020/06/29/us/george-floyd-officers-chauvin-court/index.html", "headline": "Judge threatens to move George Floyd murder trial out of Minneapolis"}, {"published_date": "2020-07-14", "url": "https://www.cnn.com/2020/07/14/us/pennsylvania-police-reform-bills-signed/index.html", "headline": "Pennsylvania law now requires officers applying for new jobs to submit previous employment records"}, {"published_date": "2020-06-06", "url": "https://www.cnn.com/us/live-news/george-floyd-protests-06-06-20/index.html", "headline": "George Floyd protests across the US"}, {"published_date": "2020-06-12", "url": "https://www.cnn.com/2020/06/12/us/fitness-trainer-fired-i-cant-breathe-workout/index.html", "headline": "Fitness trainer fired for 'I Can't Breathe' workout"}, {"published_date": "2020-06-03", "url": "https://www.cnn.com/2020/06/03/us/us-protests-wednesday-george-floyd/index.html", "headline": "Protesters feel joy after four former officers hit with new charges in George Floyd's death"}, {"published_date": "2020-06-22", "url": "https://www.cnn.com/2020/06/22/us/nascar-denny-hamlin-fedex-national-civil-rights-museum-spt-trnd/index.html", "headline": "FedEx removed its branding from NASCAR's Denny Hamlin's car to highlight the National Civil Rights Museum instead"}, {"published_date": "2020-06-17", "url": "https://www.cnn.com/2020/06/17/us/man-car-portland-protesters-trnd/index.html", "headline": "A man drove a car into a crowd of Portland protesters, injuring 3, police say"}, {"published_date": "2020-06-08", "url": "https://www.cnn.com/2020/06/08/us/us-soccer-repeal-kneeling-ban-spt-trnd/index.html", "headline": "US Soccer may repeal the ban on players kneeling"}, {"published_date": "2020-06-23", "url": "https://www.cnn.com/2020/06/23/us/nascar-noose-not-hate-crime-bubba-wallace/index.html", "headline": "FBI says Bubba Wallace not a target of a hate crime"}, {"published_date": "2020-07-15", "url": "https://www.cnn.com/2020/07/15/us/st-louis-attorney-missouri-governor-trump/index.html", "headline": "St. Louis prosecutor investigating couple who brandished guns at protesters says governor and Trump are targeting her"}, {"published_date": "2020-06-26", "url": "https://www.cnn.com/2020/06/26/us/oregon-state-civil-war-football-trnd-spt/index.html", "headline": "Oregon and Oregon State will no longer call their games 'Civil War'"}, {"published_date": "2020-07-21", "url": "https://www.cnn.com/2020/07/21/us/los-angeles-angels-keynan-middleton-kneel-anthem-spt-trnd/index.html", "headline": "MLB pitcher says he's using his platform to 'implement change' after kneeling during the National Anthem"}, {"published_date": "2020-05-27", "url": "https://www.cnn.com/2020/05/27/us/eric-garner-mother-reax-floyd/index.html", "headline": "Eric Garner's mother says George Floyd's death feels like d\u00e9j\u00e0 vu"}, {"published_date": "2020-07-30", "url": "https://www.cnn.com/2020/07/30/us/federal-officers-preparing-to-leave-portland-oregon-governor-says/index.html", "headline": "Federal officers preparing to leave Portland, Oregon governor says"}, {"published_date": "2020-06-10", "url": "https://www.cnn.com/2020/06/10/us/martin-gugino-trump-buffalo-tweet/index.html", "headline": "The 75-year-old Buffalo man seriously injured by police 'had a good chuckle' over Trump's tweet"}, {"published_date": "2020-07-28", "url": "https://www.cnn.com/2020/07/28/us/george-floyd-hologram-richmond-robert-e-lee-statue-trnd/index.html", "headline": "A George Floyd hologram will light up the Robert E. Lee statue in Richmond tonight"}, {"published_date": "2020-06-12", "url": "https://www.cnn.com/2020/06/11/us/nfl-pledges-250-million-to-social-justice-trnd/index.html", "headline": "The NFL commits $250 million over the next 10 years to help fight systematic racism"}, {"published_date": "2020-07-20", "url": "https://www.cnn.com/2020/07/20/us/portland-protests-fifty-days/index.html", "headline": "Protests in Portland have carried on for more than 50 days. Here's how they started"}, {"published_date": "2020-06-04", "url": "https://www.cnn.com/us/live-news/george-floyd-protests-06-05-20/index.html", "headline": "George Floyd protests across the US"}, {"published_date": "2020-07-20", "url": "https://www.cnn.com/2020/07/20/us/portland-protester-navy-veteran-beaten/index.html", "headline": "A Navy veteran says he was beaten and pepper sprayed by authorities while attending his first protest in Portland"}, {"published_date": "2020-06-12", "url": "https://www.cnn.com/2020/06/11/us/man-injured-as-portsmouth-confederate-monument-dismantled/index.html", "headline": "Man injured as protesters partially dismantle Confederate monument in Virginia"}, {"published_date": "2020-06-20", "url": "https://www.cnn.com/2020/06/20/us/juneteenth-official-holiday-nation/index.html", "headline": "Amid nationwide rallies and celebrations, more cities, states and universities designate Juneteenth as an official holiday"}, {"published_date": "2020-06-26", "url": "https://www.cnn.com/2020/06/26/us/last-birmingham-church-bomber-dies/index.html", "headline": "The last convicted Birmingham church bomber has died in prison"}, {"published_date": "2020-07-02", "url": "https://www.cnn.com/2020/07/02/us/florida-sheriff-deputize-gun-owners-trnd/index.html", "headline": "A Florida sheriff said he will deputize lawful gun owners if protests turn violent"}, {"published_date": "2020-06-04", "url": "https://www.cnn.com/2020/06/04/us/nypd-officers-attack/index.html", "headline": "Attack on NYPD officers being investigated as possible act of terrorism, source says"}, {"published_date": "2020-06-20", "url": "https://www.cnn.com/2020/06/20/us/tulsa-trump-rally-tension/index.html", "headline": "For Black Tulsa residents, the city's racial past and present hover over Trump rally"}, {"published_date": "2020-06-15", "url": "https://www.cnn.com/2020/06/15/us/civil-rights-protests-then-now/index.html", "headline": "'The cross is a little lighter today'"}, {"published_date": "2020-06-08", "url": "https://www.cnn.com/2020/06/08/us/five-things-june-8-trnd/index.html", "headline": "5 things to know for June 8: George Floyd, police reform, coronavirus, economy, China"}, {"published_date": "2020-07-12", "url": "https://www.cnn.com/2020/07/12/us/love-dating-during-coronavirus-pandemic-wellness/index.html", "headline": "Love in the time of coronavirus: Couples share how they found matches in the middle of a pandemic"}, {"published_date": "2020-07-19", "url": "https://www.cnn.com/2020/07/19/us/chicago-shootings-weekend/index.html", "headline": "Chicago shootings leave at least 49 people shot and seven dead this weekend"}, {"published_date": "2020-05-31", "url": "https://www.cnn.com/2020/05/30/us/minneapolis-business-support-protest-riot-gandhi-mahal-trnd/index.html", "headline": "Minneapolis businesses, including some that were damaged, are standing in solidarity with protesters"}, {"published_date": "2020-06-17", "url": "https://www.cnn.com/2020/06/17/us/charleston-shooting-anniversary-jury-foreman-dylann-roof/index.html", "headline": "Jury foreman can't forgive Charleston shooter, and he's disgusted over black people still killed for nothing"}, {"published_date": "2020-06-30", "url": "https://www.cnn.com/2020/06/30/us/san-jose-officers-racist-posts/index.html", "headline": "4 San Jose officers are on leave while Facebook posts are investigated"}, {"published_date": "2020-06-26", "url": "https://www.cnn.com/2020/06/26/us/minneapolis-city-council-police-department/index.html", "headline": "Minneapolis City Council advances plan to dismantle embattled police force"}, {"published_date": "2020-06-09", "url": "https://www.cnn.com/2020/06/09/us/five-things-june-9-trnd/index.html", "headline": "5 things to know for June 9: Police, George Floyd, coronavirus, economy, North Korea"}, {"published_date": "2020-05-31", "url": "https://www.cnn.com/2020/05/31/us/aclu-mobile-justice-police-misconduct-app/index.html", "headline": "The ACLU created an app to help people record police misconduct"}, {"published_date": "2020-07-01", "url": "https://www.cnn.com/2020/07/01/us/nwsl-soccer-kneel-national-anthem-spt-trnd/index.html", "headline": "Women's soccer league players and officials kneel during National Anthem"}, {"published_date": "2020-06-11", "url": "https://www.cnn.com/2020/06/11/us/what-is-juneteenth-trnd/index.html", "headline": "What to know about Juneteenth and why people are talking about it now"}, {"published_date": "2020-07-20", "url": "https://www.cnn.com/2020/07/20/us/st-louis-couple-weapons-protesters-charges/index.html", "headline": "St. Louis couple who waved guns at protesters face charges"}, {"published_date": "2020-07-24", "url": "https://www.cnn.com/2020/07/24/us/nba-breonna-taylor-spt-trnd/index.html", "headline": "NBA players are dedicating their post-game interviews to Breonna Taylor"}, {"published_date": "2020-06-23", "url": "https://www.cnn.com/2020/06/23/us/noose-hate-symbol-racism-trnd/index.html", "headline": "Why the noose is such a potent symbol of hate"}, {"published_date": "2020-06-20", "url": "https://www.cnn.com/2020/06/20/us/racist-google-question-blake/index.html", "headline": "'Am I racist?' You may not like the answer"}, {"published_date": "2020-06-23", "url": "https://www.cnn.com/2020/06/23/us/minneapolis-police-union-intvu/index.html", "headline": "Four weeks after George Floyd's death, an embattled police union finally speaks out"}, {"published_date": "2020-06-04", "url": "https://www.cnn.com/2020/06/04/us/mcmichaels-hearing-ahmaud-arbery/index.html", "headline": "Ahmaud Arbery was hit with a truck before he died, and his killer allegedly used a racial slur, investigator testifies"}, {"published_date": "2020-06-09", "url": "https://www.cnn.com/2020/06/09/us/latino-leaders-racism-letter/index.html", "headline": "These leaders say Latinos need to acknowledge their racism, too"}, {"published_date": "2020-05-29", "url": "https://www.cnn.com/2020/05/29/us/black-parents-children-safety-talk-blake/index.html", "headline": "George Floyd. Ahmaud Arbery. Breonna Taylor. What can black parents possibly tell their kids now about staying safe?"}, {"published_date": "2020-07-17", "url": "https://www.cnn.com/2020/07/17/us/damon-young-race-reckoning-blake/index.html", "headline": "Why White supremacy is actually killing White people"}, {"published_date": "2020-06-07", "url": "https://www.cnn.com/2020/06/07/us/george-floyd-protests-sunday/index.html", "headline": "Minneapolis City Council members intend to defund and dismantle the city's police department"}, {"published_date": "2020-07-08", "url": "https://www.cnn.com/2020/07/08/us/tulsa-covid-trump-rally-contact-tracers-trnd/index.html", "headline": "Tulsa sees Covid-19 surge in the wake of Trump's June rally"}, {"published_date": "2020-07-17", "url": "https://www.cnn.com/2020/07/17/us/damon-young-race-reckoning-blake/index.html", "headline": "Why White supremacy is actually killing White people"}, {"published_date": "2020-06-07", "url": "https://www.cnn.com/2020/06/07/us/george-floyd-protests-sunday/index.html", "headline": "Minneapolis City Council members intend to defund and dismantle the city's police department"}, {"published_date": "2020-06-04", "url": "https://www.cnn.com/2020/06/04/us/protests-black-americans-debate-blake/index.html", "headline": "The George Floyd protests are sparking a surprising debate in black America"}, {"published_date": "2020-06-03", "url": "https://www.cnn.com/2020/06/03/us/statues-removed-george-floyd-trnd/index.html", "headline": "These controversial statues have been removed following protests over George Floyd's death"}, {"published_date": "2020-07-30", "url": "https://www.cnn.com/2020/07/30/us/pelicans-jazz-blm-tribute-nba-spt-trnd/index.html", "headline": "NBA players took a knee before kicking off the league's reopened season"}, {"published_date": "2020-06-25", "url": "https://www.cnn.com/2020/06/25/us/five-things-june-25-trnd/index.html", "headline": "5 things to know for June 25: Coronavirus, Joe Biden, Ahmaud Arbery, Roundup, tariffs"}, {"published_date": "2020-06-15", "url": "https://www.cnn.com/2020/06/15/us/denver-stapleton-name-change-trnd/index.html", "headline": "Local officials in Denver's Stapleton neighborhood want to change its name because of a former mayor's KKK ties"}, {"published_date": "2020-06-21", "url": "https://www.cnn.com/2020/06/21/us/arthur-miller-death-nypd/index.html", "headline": "A father was choked to death by the NYPD 42 years ago. His family has never recovered"}, {"published_date": "2020-06-02", "url": "https://www.cnn.com/2020/06/02/us/nyc-democrats-donate-police-money-trnd/index.html", "headline": "A 19-year-old called out New York Democrats accepting police campaign donations. To his surprise, many have listened"}, {"published_date": "2020-07-14", "url": "https://www.cnn.com/2020/07/14/us/police-violence-defund-debate-trnd/index.html", "headline": "Crime is surging in US cities. Some say defunding the police will actually make it fall"}, {"published_date": "2020-06-27", "url": "https://www.cnn.com/2020/06/27/us/marsha-p-johnson-statue-petition-elizabeth-new-jersey/index.html", "headline": "More than 40,000 sign to replace a Christopher Columbus statue with black trans activist Marsha P. Johnson"}, {"published_date": "2020-06-11", "url": "https://www.cnn.com/2020/06/11/us/five-things-june-11-trnd/index.html", "headline": "5 things to know for June 11: Coronavirus, BLM, immigration, election, Nigeria"}, {"published_date": "2020-06-13", "url": "https://www.cnn.com/2020/06/13/us/influencers-protests-backlash-trnd/index.html", "headline": "Some influencers spark backlash after using protests as backdrop for their content"}, {"published_date": "2020-06-19", "url": "https://www.cnn.com/2020/06/19/us/white-christians-racism-robert-jones/index.html", "headline": "This is a moment of reckoning on race for White Christians"}, {"published_date": "2020-06-09", "url": "https://www.cnn.com/2020/06/09/us/disband-police-camden-new-jersey-trnd/index.html", "headline": "This city disbanded its police department 7 years ago. Here's what happened next"}, {"published_date": "2020-06-08", "url": "https://www.cnn.com/2020/06/08/us/lapd-protesters-black-lives-matter/index.html", "headline": "Following backlash, LA officials say they won't criminally charge or fine peaceful protesters"}, {"published_date": "2020-06-26", "url": "https://www.cnn.com/2020/06/26/us/miami-gardens-officer-charged/index.html", "headline": "An ex-officer is charged with battery and official misconduct after video shows him Tasing a woman with his knee on her neck"}, {"published_date": "2020-06-27", "url": "https://www.cnn.com/2020/06/27/us/dixie-term-south-racism-black-lives-matter-trnd/index.html", "headline": "How the term 'Dixie' came to define the South"}, {"published_date": "2020-06-15", "url": "https://www.cnn.com/2020/06/15/us/rayshard-brooks-widow-tomika-miller-interview/index.html", "headline": "Rayshard Brooks' widow: 'Do they feel sorry for what they took away?'"}, {"published_date": "2020-06-07", "url": "https://www.cnn.com/us/live-news/george-floyd-memorial-service-protests/index.html", "headline": "June 8 George Floyd protest news"}, {"published_date": "2020-06-03", "url": "https://www.cnn.com/us/live-news/george-floyd-protests-06-04-20/index.html", "headline": "Remembering George Floyd"}, {"published_date": "2020-07-19", "url": "https://www.cnn.com/2020/07/19/us/us-slavery-connections-trnd/index.html", "headline": "Here are seven things you probably didn't know were connected to slavery"}, {"published_date": "2020-07-27", "url": "https://www.cnn.com/2020/07/27/us/ole-miss-university-mississippi-name-controversy/index.html", "headline": "The Battle over Ole Miss: Why a flagship university has stood behind a nickname with a racist past"}, {"published_date": "2020-07-07", "url": "https://www.cnn.com/2020/07/07/us/atlanta-georgia-crime-mayor/index.html", "headline": "Atlanta mayor says increase in shootings stems from 'perfect storm of distress'"}, {"published_date": "2020-07-09", "url": "https://www.cnn.com/2020/07/09/us/texas-atascosa-emergency-chief-coronavirus-trnd/index.html", "headline": "Texas emergency chief who led efforts to secure PPE dies of coronavirus and effects of leukemia"}, {"published_date": "2020-06-24", "url": "https://www.cnn.com/2020/06/24/us/florida-coronavirus-cases-surge/index.html", "headline": "What's behind the surge of Covid-19 cases in Florida"}, {"published_date": "2020-06-23", "url": "https://www.cnn.com/2020/06/23/us/rayshard-brooks-funeral/index.html", "headline": "Rayshard Brooks remembered as a hard-working father kept down by a racist legal system"}, {"published_date": "2020-05-30", "url": "https://www.cnn.com/2020/05/30/us/george-floyd-protests-saturday/index.html", "headline": "Protesters break curfew on another night of fury and frustrations over George Floyd's killing"}, {"published_date": "2020-06-04", "url": "https://www.cnn.com/2020/06/04/us/five-things-june-4-trnd/index.html", "headline": "5 things to know for June 4: George Floyd, protests, coronavirus, stimulus, oil spill"}, {"published_date": "2020-06-07", "url": "https://www.cnn.com/2020/06/06/us/what-is-defund-police-trnd/index.html", "headline": "There's a growing call to defund the police. Here's what it means"}, {"published_date": "2020-07-26", "url": "https://www.cnn.com/2020/07/26/us/teens-rename-john-lewis-high-school/index.html", "headline": "Virginia teens got in 'good trouble,' as they pushed to rename their high school for John Lewis"}, {"published_date": "2020-06-13", "url": "https://www.cnn.com/2020/06/12/us/videos-jail-custody-death-sterling-higgins-invs/index.html", "headline": "Videos raise question about in-custody death deemed an 'accident' by Tennessee officials"}, {"published_date": "2020-06-24", "url": "https://www.cnn.com/2020/06/24/us/five-things-june-24-trnd/index.html", "headline": "5 things to know for June 24: Coronavirus, Justice Department, NASCAR, Mexico, Canada"}, {"published_date": "2020-06-08", "url": "https://www.cnn.com/2020/06/08/us/george-floyd-houston-visitation/index.html", "headline": "Thousands of mourners visit George Floyd's casket in Houston to pay respects"}, {"published_date": "2020-06-17", "url": "https://www.cnn.com/2020/06/17/us/us-without-police-reform-defund-trnd/index.html", "headline": "What the US would look like without police, as imagined in 3 scenarios"}, {"published_date": "2020-07-09", "url": "https://www.cnn.com/2020/07/09/us/stephen-jackson-desean-jackson-anti-semitic-remarks/index.html", "headline": "Ex-NBA star Stephen Jackson says remarks about DeSean Jackson were twisted, but apologizes"}, {"published_date": "2020-07-31", "url": "https://www.cnn.com/2020/07/31/us/five-things-july-31-trnd/index.html", "headline": "5 things to know for July 31: Coronavirus, election 2020, economy, stimulus, hong kong"}, {"published_date": "2020-06-23", "url": "https://www.cnn.com/2020/06/23/us/five-things-june-23-trnd/index.html", "headline": "5 things to know for June 23: Covid, elections, Rayshard Brooks, police, immigration"}, {"published_date": "2020-06-12", "url": "https://www.cnn.com/2020/06/12/us/protests-rodney-king-freddie-gray-optimism-blake/index.html", "headline": "I covered the Rodney King and Freddie Gray riots. This moment feels different. That's why I'm afraid"}, {"published_date": "2020-06-25", "url": "https://www.cnn.com/2020/06/25/us/wilmington-north-carolina-police-officers-fired-trnd/index.html", "headline": "Three police officers fired after they are caught using 'hate-filled speech,' chief says"}, {"published_date": "2020-06-01", "url": "https://www.cnn.com/2020/06/01/us/huntington-beach-stay-home-orders-george-floyd-protest/index.html", "headline": "In Huntington Beach, a George Floyd protest was deemed an unlawful assembly. A stay-at-home protest one month ago was not"}, {"published_date": "2020-07-10", "url": "https://www.cnn.com/2020/07/10/us/white-black-christians-racism-burke/index.html", "headline": "Why Black Christians are bracing for a 'whitelash'"}, {"published_date": "2020-05-30", "url": "https://www.cnn.com/2020/05/29/us/protesters-anger-george-floyd/index.html", "headline": "What protesters say is fueling their anger"}, {"published_date": "2020-06-12", "url": "https://www.cnn.com/2020/06/12/us/oklahoma-city-derrick-scott/index.html", "headline": "Oklahoma City police release video of 2019 deadly arrest after protesters demand it"}, {"published_date": "2020-06-13", "url": "https://www.cnn.com/2020/06/13/us/changes-from-protests-george-floyd-trnd/index.html", "headline": "The race-related things that have changed since protests began around George Floyd's death"}, {"published_date": "2020-06-02", "url": "https://www.cnn.com/us/live-news/george-floyd-protests-06-03-20/index.html", "headline": "George Floyd protests spread nationwide"}, {"published_date": "2020-06-05", "url": "https://www.cnn.com/2020/06/05/us/us-george-floyd-protests-friday/index.html", "headline": "Minneapolis City Council votes to ban chokeholds one day after George Floyd memorial"}, {"published_date": "2020-07-16", "url": "https://www.cnn.com/2020/07/16/us/race-newsletter-july-16-trnd/index.html", "headline": "How do you 'cancel' power?"}, {"published_date": "2020-06-21", "url": "https://www.cnn.com/2020/06/21/us/demonstrators-reimagine-public-safety-without-police/index.html", "headline": "Demonstrators say public safety re-imagined is a future without police"}, {"published_date": "2020-07-14", "url": "https://www.cnn.com/2020/07/14/us/protest-writing-workshop-philadelphia-trnd/index.html", "headline": "'Protest Writing' workshop gives students an outlet to fight racial injustice and bullying"}, {"published_date": "2020-06-09", "url": "https://www.cnn.com/2020/06/09/us/confederate-statues-removed-george-floyd-trnd/index.html", "headline": "Confederate statues are coming down following George Floyd's death. Here's what we know"}, {"published_date": "2020-07-08", "url": "https://www.cnn.com/2020/07/08/us/atatiana-jefferson-siblings-police-violence/index.html", "headline": "As a nation cries for justice in police killings, Atatiana Jefferson's siblings demand she not be forgotten"}, {"published_date": "2020-05-28", "url": "https://www.cnn.com/us/live-news/george-floyd-protest-updates-05-28-20/index.html", "headline": "George Floyd protests spread nationwide"}, {"published_date": "2020-07-11", "url": "https://www.cnn.com/us/live-news/john-lewis-dies/index.html", "headline": "Remembering John Lewis"}, {"published_date": "2020-06-25", "url": "https://www.cnn.com/2020/06/25/us/police-reform-civilian-oversight-invs/index.html", "headline": "When it comes to policing the police, strong watchdogs are the exception"}, {"published_date": "2020-06-17", "url": "https://www.cnn.com/2020/06/17/us/brooklyn-molotov-lawyers-protests/index.html", "headline": "How two promising lawyers found themselves facing life in prison for alleged Molotov cocktail attack during protests in NY"}, {"published_date": "2020-06-27", "url": "https://www.cnn.com/2020/06/27/us/big-city-police-department-budgets/index.html", "headline": "As US cities cut police budgets, the nation's largest force faces financial reckoning"}, {"published_date": "2020-06-01", "url": "https://www.cnn.com/us/live-news/george-floyd-protests-06-02-20/index.html", "headline": "June 2 George Floyd protest news"}, {"published_date": "2020-05-31", "url": "https://www.cnn.com/us/live-news/george-floyd-protests-06-01-20/index.html", "headline": "George Floyd protests spread nationwide"}, {"published_date": "2020-05-30", "url": "https://www.cnn.com/us/live-news/george-floyd-protests-05-31-20/index.html", "headline": "May 31 George Floyd protest news"}, {"published_date": "2020-05-29", "url": "https://www.cnn.com/us/live-news/george-floyd-protests-05-30-20/index.html", "headline": "May 30 George Floyd protests news"}, {"published_date": "2020-05-27", "url": "https://www.cnn.com/us/live-news/us-coronavirus-update-05-28-20/index.html", "headline": "Coronavirus pandemic in the US"}]