[{"published_date": "2020-06-15", "url": "https://www.foxnews.com/media/tucker-carlson-black-lives-matter-dangerous-moment", "headline": "Tucker: Black Lives Matter 'enjoys almost complete immunity from ..."}, {"published_date": "2020-06-11", "url": "https://www.foxnews.com/us/black-lives-matter-southern-baptist", "headline": "Southern Baptist president calls for members to declare: 'Black lives ..."}, {"published_date": "2020-07-09", "url": "https://www.foxnews.com/us/nyc-closes-5th-avenue-black-lives-matter-painting-trump-tower", "headline": "NYC closes 5th Avenue ahead of Black Lives Matter painting in front ..."}, {"published_date": "2020-06-10", "url": "https://www.foxnews.com/entertainment/netflix-launches-black-lives-matter-collection", "headline": "Netflix launches Black Lives Matter collection of films and TV shows ..."}, {"published_date": "2020-07-08", "url": "https://www.foxnews.com/us/black-lives-matter-philadelphia-leader-abolish-police", "headline": "Black Lives Matter Philadelphia organizer proposes five-year plan to ..."}, {"published_date": "2020-07-01", "url": "https://www.foxnews.com/politics/trump-blasts-de-blasio-for-plans-to-paint-black-lives-matter-in-front-of-trump-tower", "headline": "Trump blasts de Blasio for plans to paint 'Black Lives Matter' in front ..."}, {"published_date": "2020-06-11", "url": "https://www.foxnews.com/politics/democrats-radical-black-lives-matter-memo-resurfaces", "headline": "Dems' confidential 2015 memo cautioned about interactions with ..."}, {"published_date": "2020-06-06", "url": "https://www.foxnews.com/us/black-lives-matter-dc-says-liberal-mayor-consistently-on-the-wrong-side-of-blmdc-history", "headline": "DC activists say Dem mayor 'consistently on the wrong side' of Black ..."}, {"published_date": "2020-07-09", "url": "https://www.foxnews.com/media/kelly-loeffler-wnba-ownership-black-lives-matter", "headline": "Sen. Loeffler stands by opposition to 'divisive' Black Lives Matter ..."}, {"published_date": "2020-07-07", "url": "https://www.foxnews.com/media/don-lemon-terry-crews-black-lives-matter", "headline": "CNN's Don Lemon scolds Terry Crews, says Black Lives Matter is ..."}, {"published_date": "2020-07-07", "url": "https://www.foxnews.com/media/don-lemon-terry-crews-black-lives-matter", "headline": "CNN's Don Lemon scolds Terry Crews, says Black Lives Matter is ..."}, {"published_date": "2020-06-28", "url": "https://www.foxnews.com/politics/black-lives-matter-activist-calls-for-black-people-do-not-trust-politicians", "headline": "Black Lives Matter leader calls for defunding police: 'Black people ..."}, {"published_date": "2020-06-12", "url": "https://www.foxnews.com/us/black-lives-matter-protesters-seattle-chaz-hijacked-message", "headline": "Black Lives Matter protesters say Seattle's autonomous zone has ..."}, {"published_date": "2020-06-17", "url": "https://www.foxnews.com/us/cornell-professor-criticized-black-lives-matter-faces-student-boycott", "headline": "Cornell professor who criticized Black Lives Matter faces student ..."}, {"published_date": "2020-06-12", "url": "https://www.foxnews.com/politics/dc-mayor-sued-over-black-lives-matter-street-painting", "headline": "DC mayor sued over 'Black Lives Matter' street painting | Fox News"}, {"published_date": "2020-06-14", "url": "https://www.foxnews.com/us/black-lives-matter-new-jersey-protest-south-brunswick-deer-crowd-woman-injured", "headline": "Deer runs into Black Lives Matter protest in New Jersey, seriously ..."}, {"published_date": "2020-07-08", "url": "https://www.foxnews.com/us/california-pair-charged-with-hate-crime-after-black-lives-matter-mural-cover-up-authorities", "headline": "California pair charged with hate crime after Black Lives Matter ..."}, {"published_date": "2020-06-12", "url": "https://www.foxnews.com/politics/democrats-cheering-black-lives-matter-protests-now-say-trump-rallies-pose-coronavirus-risk", "headline": "Democrats cheering 'Black Lives Matter' protests now say Trump ..."}, {"published_date": "2020-07-16", "url": "https://www.foxnews.com/us/portland-cop-black-lives-matter-protesters-fewer-minorities-than-police", "headline": "Portland cop slams hypocrisy of Black Lives Matter protesters for ..."}, {"published_date": "2020-06-25", "url": "https://www.foxnews.com/politics/black-lives-matter-ballot", "headline": "Could Black Lives Matter get on the ballot? | Fox News"}, {"published_date": "2020-06-12", "url": "https://www.foxnews.com/politics/dc-mayor-sued-over-black-lives-matter-street-painting", "headline": "DC mayor sued over 'Black Lives Matter' street painting | Fox News"}, {"published_date": "2020-06-25", "url": "https://www.foxnews.com/politics/black-lives-matter-ballot", "headline": "Could Black Lives Matter get on the ballot? | Fox News"}, {"published_date": "2020-06-05", "url": "https://www.foxnews.com/sports/eric-reid-calls-nfl-black-lives-matter-tweet", "headline": "Eric Reid calls out NFL over 'Black Lives Matter' tweet: 'You are the ..."}, {"published_date": "2020-06-26", "url": "https://www.foxnews.com/politics/black-lives-matter-fundraising", "headline": "Amid unrest, Black Lives Matter and other social justice groups see ..."}, {"published_date": "2020-07-19", "url": "https://www.foxnews.com/us/nyc-black-woman-paint-more-black-lives-matter-murals-police", "headline": "Black woman dumps paint on more Black Lives Matter murals in ..."}, {"published_date": "2020-07-16", "url": "https://www.foxnews.com/us/portland-cop-black-lives-matter-protesters-fewer-minorities-than-police", "headline": "Portland cop slams hypocrisy of Black Lives Matter protesters for ..."}, {"published_date": "2020-06-12", "url": "https://www.foxnews.com/food-drink/california-sandwich-shop-closed-owner-likened-black-lives-matter-to-kkk", "headline": "California sandwich shop closed after owner likens Black Lives ..."}, {"published_date": "2020-06-07", "url": "https://www.foxnews.com/politics/d-c-mayor-defends-protests-blasts-trumps-move-to-call-in-u-s-troops", "headline": "Protesters add 'Defund The Police' to 'Black Lives Matter' mural near ..."}, {"published_date": "2020-07-09", "url": "https://www.foxnews.com/opinion/all-black-lives-lost-should-matter-to-black-lives-matter-movement-ben-shapiro", "headline": "Ben Shapiro: All Black lives lost should matter to Black Lives Matter ..."}, {"published_date": "2020-06-30", "url": "https://www.foxnews.com/us/black-lives-matter-mural-cleveland-vandalized", "headline": "Black Lives Matter mural in Cleveland vandalized by black ..."}, {"published_date": "2020-07-09", "url": "https://www.foxnews.com/us/nyc-start-painting-black-lives-matter-mural-front-trump-tower-de-blasio-join-report", "headline": "NYC to start painting Black Lives Matter mural in front of Trump ..."}, {"published_date": "2020-06-23", "url": "https://www.foxnews.com/media/allen-west-black-lives-matter-democrats-plantation", "headline": "Allen West bashes Black Lives Matter as 'overseers' of Democrats ..."}, {"published_date": "2020-06-26", "url": "https://www.foxnews.com/us/whole-foods-workers-protest-over-black-lives-matter-mask-policy", "headline": "Whole Foods workers protest over Black Lives Matter mask policy ..."}, {"published_date": "2020-06-03", "url": "https://www.foxnews.com/us/black-lives-matter-plans-war-on-police-ny-leader-says", "headline": "Black Lives Matter plans armed 'peace officers' in war on police, NY ..."}, {"published_date": "2020-07-24", "url": "https://www.foxnews.com/sports/giants-sam-coonrod-kneel-black-lives-matter-faith-christian", "headline": "Giants' pitcher Sam Coonrod refuses to kneel during Black Lives ..."}, {"published_date": "2020-07-19", "url": "https://www.foxnews.com/us/nypd-officer-injured-arrest-paint-black-lives-matter-mural-trump-tower", "headline": "NYPD officer injured during arrest of women smearing paint on ..."}, {"published_date": "2020-06-08", "url": "https://www.foxnews.com/media/charles-payne-amazon-black-lives-matter-bezos", "headline": "Charles Payne calls on Amazon to put 'money where their mouth is ..."}, {"published_date": "2020-06-23", "url": "https://www.foxnews.com/sports/49ers-will-fly-black-lives-matter-flag-at-levis-stadium", "headline": "49ers will fly 'Black Lives Matter' flag at Levi's Stadium | Fox News"}, {"published_date": "2020-06-09", "url": "https://www.foxnews.com/opinion/tucker-carlson-black-lives-matter-is-really-a-powerful-political-party-and-has-nothing-to-do-with-black-lives", "headline": "Tucker Carlson: Black Lives Matter is now a powerful political party ..."}, {"published_date": "2020-06-09", "url": "https://www.foxnews.com/politics/de-blasio-nyc-will-paint-black-lives-matter-on-major-streets-in-all-5-boroughs", "headline": "De Blasio: NYC will paint 'Black Lives Matter' on major streets in all 5 ..."}, {"published_date": "2020-07-10", "url": "https://www.foxnews.com/politics/ginni-thomas-justice-clarence-thomas-slams-black-lives-matter", "headline": "Ginni Thomas, wife of Justice Clarence Thomas, slams Black Lives ..."}, {"published_date": "2020-07-10", "url": "https://www.foxnews.com/opinion/black-lives-matter-black-fatherhood-curtis-hill", "headline": "Curtis Hill: Black Lives Matter movement should prioritize Black ..."}, {"published_date": "2020-06-24", "url": "https://www.foxnews.com/media/mark-levin-fires-back-black-lives-matter", "headline": "Mark Levin fires back at Black Lives Matter leader: 'What exactly are ..."}, {"published_date": "2020-07-09", "url": "https://www.foxnews.com/media/geraldo-de-blasio-black-lives-matter-mural", "headline": "Geraldo Rivera, Leo Terrell rip 'shameful, spiteful' de Blasio over ..."}, {"published_date": "2020-06-09", "url": "https://www.foxnews.com/entertainment/kendall-jenner-responds-accusations-photoshopped-black-lives-matter-pic", "headline": "Kendall Jenner responds to accusations she photoshopped Black ..."}, {"published_date": "2020-06-05", "url": "https://www.foxnews.com/politics/d-c-mayor-bowser-unveils-black-lives-matter-plaza-near-white-house", "headline": "DC Mayor Bowser unveils 'Black Lives Matter Plaza' near White ..."}, {"published_date": "2020-07-02", "url": "https://www.foxnews.com/us/dean-fired-after-saying-black-lives-matter-but-also-everyones-life-matters-in-email", "headline": "Dean fired after saying 'BLACK LIVES MATTER, but also ..."}, {"published_date": "2020-07-09", "url": "https://www.foxnews.com/us/vandals-alter-black-lives-matter-mural", "headline": "Vandals alter Black Lives Matter mural outside of Chicago to say 'All ..."}, {"published_date": "2020-06-07", "url": "https://www.foxnews.com/us/utah-retired-marine-black-lives-matter-george-floyd-protest", "headline": "Utah Marine vet stands at attention, kneels to show support for Black ..."}, {"published_date": "2020-06-17", "url": "https://www.foxnews.com/politics/lawmakers-bicker-after-swalwell-calls-on-republicans-to-say-black-lives-matter", "headline": "Lawmakers bicker after Swalwell calls on Republicans to say 'Black ..."}, {"published_date": "2020-06-04", "url": "https://www.foxnews.com/media/david-webb-blasts-the-stupidity-of-black-lives-matter-wanting-defund-police-departments", "headline": "David Webb blasts Hollywood, Black Lives Matter's calls to defund ..."}, {"published_date": "2020-06-17", "url": "https://www.foxnews.com/politics/lawmakers-bicker-after-swalwell-calls-on-republicans-to-say-black-lives-matter", "headline": "Lawmakers bicker after Swalwell calls on Republicans to say 'Black ..."}, {"published_date": "2020-06-10", "url": "https://www.foxnews.com/food-drink/tea-brands-support-black-lives-matter-critics-buy", "headline": "Tea brands voice support for Black Lives Matter, tell critics 'don't buy ..."}, {"published_date": "2020-07-23", "url": "https://www.foxnews.com/sports/yanks-nats-kneel-in-black-lives-matter-salute-faucis-toss", "headline": "Yanks, Nats kneel in Black Lives Matter salute; Fauci's toss | Fox News"}, {"published_date": "2020-06-25", "url": "https://www.foxnews.com/sports/nick-saban-alabama-player-black-lives-matter-message", "headline": "Nick Saban, Alabama players deliver powerful Black Lives Matter ..."}, {"published_date": "2020-06-16", "url": "https://www.foxnews.com/sports/roger-goodells-black-lives-matter-long-overdue-ravens-matt-judon", "headline": "Roger Goodell's 'black lives matter' was long overdue, Ravens' Matt ..."}, {"published_date": "2020-07-16", "url": "https://www.foxnews.com/world/black-lives-matter-sculpture-erected-in-uk-town-without-authorization-taken-down-after-1-day", "headline": "Black Lives Matter sculpture erected in UK town removed after 1 day ..."}, {"published_date": "2020-07-23", "url": "https://www.foxnews.com/sports/nationals-black-lives-matter-pitchers-mound-mlb-yankees", "headline": "Nationals to display Black Lives Matter stencil on pitcher's mound in ..."}, {"published_date": "2020-07-02", "url": "https://www.foxnews.com/us/catholic-priest-who-labeled-black-lives-matter-movement-and-organizers-maggots-and-parasites-in-church-newsletter-suspended", "headline": "Catholic priest who labeled Black Lives Matter movement and ..."}, {"published_date": "2020-06-30", "url": "https://www.foxnews.com/entertainment/simon-pegg-speaks-out-black-lives-matter-movement", "headline": "Simon Pegg speaks out in favor of the Black Lives Matter movement ..."}, {"published_date": "2020-06-30", "url": "https://www.foxnews.com/entertainment/simon-pegg-speaks-out-black-lives-matter-movement", "headline": "Simon Pegg speaks out in favor of the Black Lives Matter movement ..."}, {"published_date": "2020-06-08", "url": "https://www.foxnews.com/media/tucker-carlson-black-lives-matter-political-party", "headline": "Tucker Carlson: Minneapolis mayor's humiliation shows 'Black Lives ..."}, {"published_date": "2020-06-04", "url": "https://www.foxnews.com/food-drink/florida-waitress-black-lives-matter-note-couple-bill", "headline": "Florida waitress writes uplifting 'Black Lives Matter' note on couple's ..."}, {"published_date": "2020-07-01", "url": "https://www.foxnews.com/media/ben-carson-defends-terry-crews-black-lives-matter", "headline": "Ben Carson defends Terry Crews' Black Lives Matter critique: 'We ..."}, {"published_date": "2020-06-30", "url": "https://www.foxnews.com/media/heather-mac-donald-black-lives-matter-reckless", "headline": "Heather Mac Donald calls Black Lives Matter movement ..."}, {"published_date": "2020-06-17", "url": "https://www.foxnews.com/sports/premier-league-teams-take-knee-wear-black-lives-matter-jerseys", "headline": "Premier League teams take knee, wear 'Black Lives Matter' jerseys ..."}, {"published_date": "2020-07-17", "url": "https://www.foxnews.com/us/4-busted-throwing-blue-paint-black-lives-matter-mural-trump-tower", "headline": "4 busted for throwing blue paint on Black Lives Matter mural outside ..."}, {"published_date": "2020-06-10", "url": "https://www.foxnews.com/entertainment/lisa-vanderpumps-restaurant-covered-black-lives-matter-messages", "headline": "Lisa Vanderpump's restaurant covered in Black Lives Matter ..."}, {"published_date": "2020-06-25", "url": "https://www.foxnews.com/entertainment/days-of-our-lives-melissa-reeves-backlash-for-liking-anti-black-lives-matter-posts-online", "headline": "'Days of Our Lives' star Melissa Reeves receives backlash for liking ..."}, {"published_date": "2020-06-18", "url": "https://www.foxnews.com/lifestyle/wedding-photographer-donate-deposit-bride-demand-refund-black-lives-matter", "headline": "Wedding photographer donates deposit after bride demands refund ..."}, {"published_date": "2020-07-17", "url": "https://www.foxnews.com/media/hawk-newsome-kilmeade-cops-black-lives-matter", "headline": "NYC Black Lives Matter leader says cops acting like 'babies,' not ..."}, {"published_date": "2020-06-14", "url": "https://www.foxnews.com/world/us-embassy-seoul-black-lives-matter-banner", "headline": "US Embassy in Seoul supports protests with Black Lives Matter ..."}, {"published_date": "2020-07-07", "url": "https://www.foxnews.com/us/iowa-black-lives-matter-leak-charge-confidential-police-document-tv", "headline": "Iowa Black Lives Matter activists face rare leak charge, allegedly ..."}, {"published_date": "2020-07-11", "url": "https://www.foxnews.com/sports/atlanta-dream-support-black-lives-matter-movement-loeffler", "headline": "Atlanta Dream players show support for Black Lives Matter ..."}, {"published_date": "2020-07-03", "url": "https://www.foxnews.com/sports/memphis-football-black-lives-matter-sticker", "headline": "Memphis Tigers football players to wear Black Lives Matter sticker ..."}, {"published_date": "2020-06-22", "url": "https://www.foxnews.com/us/statue-monument-vandalized-torn-down-protest", "headline": "From George Washington to Ulysses S. Grant: Statues, monuments ..."}, {"published_date": "2020-06-07", "url": "https://www.foxnews.com/entertainment/victoria-beckham-support-black-lives-matter-fashion-industry-has-huge-role-to-play", "headline": "Victoria Beckham supports Black Lives Matter: 'Fashion industry has ..."}, {"published_date": "2020-07-08", "url": "https://www.foxnews.com/sports/nba-ray-allen-trump-supporters-black-lives-matter-movement", "headline": "NBA great Ray Allen criticizes Trump supporters who showed ..."}, {"published_date": "2020-06-09", "url": "https://www.foxnews.com/entertainment/mtv-fires-dee-nguyen-the-challenge-feuding-cast-members-black-lives-matter", "headline": "MTV fires Dee Nguyen from 'The Challenge' after feuding with cast ..."}, {"published_date": "2020-06-02", "url": "https://www.foxnews.com/lifestyle/beauty-blogger-apologizes-blackface-makeup-support-report", "headline": "Beauty blogger apologizes for blackface makeup to 'support' Black ..."}, {"published_date": "2020-06-02", "url": "https://www.foxnews.com/lifestyle/beauty-blogger-apologizes-blackface-makeup-support-report", "headline": "Beauty blogger apologizes for blackface makeup to 'support' Black ..."}, {"published_date": "2020-07-08", "url": "https://www.foxnews.com/media/lawrence-jones-family-chicago-natalia-wallace-killed", "headline": "Father of 7-year-old girl killed in Chicago: 'There should be' Black ..."}, {"published_date": "2020-06-08", "url": "https://www.foxnews.com/entertainment/pink-all-lives-matter-comments-protest-photo", "headline": "Pink slams 'all lives matter' critics in the comments of her protest ..."}, {"published_date": "2020-06-09", "url": "https://www.foxnews.com/entertainment/mtv-fires-dee-nguyen-the-challenge-feuding-cast-members-black-lives-matter", "headline": "MTV fires Dee Nguyen from 'The Challenge' after feuding with cast ..."}, {"published_date": "2020-07-06", "url": "https://www.foxnews.com/politics/cities-protests-coronavirus-cases-black-lives-matter", "headline": "Anti-police demonstrations may have sparked new coronavirus ..."}, {"published_date": "2020-06-28", "url": "https://www.foxnews.com/media/leo-terrell-black-lives-matter-mark-levin", "headline": "Leo Terrell: Black Lives Matter is 'profiting' on a 'false narrative' | Fox ..."}, {"published_date": "2020-06-16", "url": "https://www.foxnews.com/us/2-california-schools-washington-jefferson-getting-new-names-black-lives-matter-push", "headline": "2 California schools named for Washington, Jefferson getting new ..."}, {"published_date": "2020-06-08", "url": "https://www.foxnews.com/sports/black-lives-matter-in-bundesliga-bayern-keeps-winning", "headline": "Black Lives Matter in Bundesliga, Bayern keeps winning | Fox News"}, {"published_date": "2020-07-21", "url": "https://www.foxnews.com/us/blm-organizer-felony-stealing-a-flag-pro-trump-caravan", "headline": "Miami Black Lives Matter organizer faces felony charges after being ..."}, {"published_date": "2020-06-16", "url": "https://www.foxnews.com/us/philadelphia-family-court-supervisor-fired-video-shows-ripping-down-black-lives-matter-signs", "headline": "Philadelphia family court supervisor fired after video shows him ..."}, {"published_date": "2020-07-10", "url": "https://www.foxnews.com/opinion/black-lives-matter-police-justin-haskins", "headline": "Justin Haskins: If you believe Black lives matter, support more ..."}, {"published_date": "2020-06-10", "url": "https://www.foxnews.com/us/nyc-worker-mistakenly-paints-over-black-lives-matter-mural", "headline": "NYC worker mistakenly paints over Black Lives Matter mural, report ..."}, {"published_date": "2020-06-28", "url": "https://www.foxnews.com/media/jamiel-shaw-murdered-illegal-immigrant-black-lives-matter-george-floyd", "headline": "Father of teen murdered by illegal immigrant says BLM ignored his ..."}, {"published_date": "2020-07-21", "url": "https://www.foxnews.com/politics/california-city-washes-away-blm-mural-after-trump-supporter-requests-maga-2020-display", "headline": "California city washes away BLM mural after Trump supporter ..."}, {"published_date": "2020-06-08", "url": "https://www.foxnews.com/lifestyle/instagram-influencer-backlash-photoshoot-black-lives-matter", "headline": "Instagram influencer responds to backlash about Black Lives Matter ..."}, {"published_date": "2020-06-25", "url": "https://www.foxnews.com/politics/trump-hits-back-at-de-blasio-plan-for-blm-mural-outside-trump-tower", "headline": "Trump hits back at de Blasio plan for BLM mural outside Trump ..."}, {"published_date": "2020-06-17", "url": "https://www.foxnews.com/tech/lawmaker-amazon-performative-black-lives-matter-movement", "headline": "Lawmaker blasts Amazon's 'performative' support of Black Lives ..."}, {"published_date": "2020-06-25", "url": "https://www.foxnews.com/us/missouri-woman-kkk-hate-blm-black-lives-matter-protesters-confederate-flag", "headline": "Missouri woman filmed saying she'll teach grandkids to hate BLM ..."}, {"published_date": "2020-06-08", "url": "https://www.foxnews.com/media/victor-davis-hanson-black-lives-matter-revolution", "headline": "Victor Davis Hanson warns protest leaders: 'Today's revolutionary ..."}, {"published_date": "2020-07-01", "url": "https://www.foxnews.com/world/black-lives-matter-pushback-uk-defund-police", "headline": "Black Lives Matter meets pushback in Britain over 'Defund Police ..."}]