[{"published_date": "2020-06-23", "url": "https://www.cnn.com/us/live-news/black-lives-matter-protests-06-24-2020/index.html", "headline": "Black Lives Matter movement"}, {"published_date": "2020-06-21", "url": "https://www.cnn.com/us/live-news/black-lives-matter-protests-06-22-2020/index.html", "headline": "June 22 Black Lives Matter protests"}, {"published_date": "2020-06-12", "url": "https://www.cnn.com/us/live-news/george-floyd-protests-06-13-20/index.html", "headline": "June 13 Black Lives Matter protests"}, {"published_date": "2020-06-21", "url": "https://www.cnn.com/us/live-news/black-lives-matter-protests-06-21-2020/index.html", "headline": "June 21 Black Lives Matter protests"}, {"published_date": "2020-06-12", "url": "https://www.cnn.com/us/live-news/george-floyd-protests-06-12-20/index.html", "headline": "June 12 Black Lives Matter protests"}, {"published_date": "2020-06-12", "url": "https://www.cnn.com/us/live-news/george-floyd-protests-06-15-20/index.html", "headline": "June 15 Black Lives Matter protests"}, {"published_date": "2020-06-10", "url": "https://www.cnn.com/2020/06/10/us/all-lives-matter-reenact-george-floyd-black-lives-matter-trnd/index.html", "headline": "All Lives Matter protesters re-enacted George Floyd's death as a Black Lives Matter march went by"}, {"published_date": "2020-06-10", "url": "https://www.cnn.com/us/live-news/george-floyd-protests-06-10-20/index.html", "headline": "June 10 Black Lives Matter protests"}, {"published_date": "2020-06-19", "url": "https://www.cnn.com/us/live-news/black-lives-matter-protests-06-20-2020/index.html", "headline": "June 20 Black Lives Matter protest news"}, {"published_date": "2020-06-10", "url": "https://www.cnn.com/us/live-news/george-floyd-protests-06-11-20/index.html", "headline": "June 11 Black Lives Matter protests"}, {"published_date": "2020-07-13", "url": "https://www.cnn.com/2020/07/13/us/black-lives-matter-trump-mural-vandalized-trnd/index.html", "headline": "Black Lives Matter street mural vandalized outside Trump Tower"}, {"published_date": "2020-06-17", "url": "https://www.cnn.com/us/live-news/black-lives-matter-protests-06-18-2020/index.html", "headline": "June 18 Black Lives Matter protest news"}, {"published_date": "2020-07-08", "url": "https://www.cnn.com/2020/07/08/us/vermont-black-lives-matter-murals/index.html", "headline": "Vermont Black Lives Matter roadway murals defaced, state police say"}, {"published_date": "2020-06-18", "url": "https://www.cnn.com/us/live-news/black-lives-matter-protests-06-19-2020/index.html", "headline": "June 19 Black Lives Matter protest news"}, {"published_date": "2020-07-24", "url": "https://www.cnn.com/2020/07/24/us/black-lives-matter-why-i-march-trnd/index.html", "headline": "The three reasons Black Lives Matter marchers refuse to quit"}, {"published_date": "2020-06-23", "url": "https://www.cnn.com/us/live-news/black-lives-matter-protests-06-23-2020/index.html", "headline": "June 23 Black Lives Matter protests"}, {"published_date": "2020-06-22", "url": "https://www.cnn.com/2020/06/21/us/espys-black-lives-matter-opening-spt-trnd/index.html", "headline": "The ESPY Awards make sure viewers know Black Lives Matter"}, {"published_date": "2020-06-16", "url": "https://www.cnn.com/us/live-news/black-lives-matter-protests-06-17-2020/index.html", "headline": "June 17 Black Lives Matter protests news"}, {"published_date": "2020-07-24", "url": "https://www.cnn.com/2020/07/23/us/opening-day-baseball-mlb-black-lives-matter-trnd/index.html", "headline": "Baseball is making Black Lives Matter center stage on Opening Day"}, {"published_date": "2020-06-08", "url": "https://www.cnn.com/us/live-news/black-lives-matter-protests-george-floyd-06-09-2020/index.html", "headline": "Black Lives Matter protests across the US"}, {"published_date": "2020-06-12", "url": "https://www.cnn.com/us/live-news/george-floyd-protests-06-14-20/index.html", "headline": "Black Lives Matter protests across the US and world"}, {"published_date": "2020-06-06", "url": "https://www.cnn.com/2020/06/06/us/black-lives-matter-dc-street-mural-space-trnd/index.html", "headline": "Washington's new Black Lives Matter street mural is captured in satellite image"}, {"published_date": "2020-06-15", "url": "https://www.cnn.com/us/live-news/black-lives-matter-protests-06-16-2020/index.html", "headline": "June 16 Black Lives Matter protest news"}, {"published_date": "2020-06-14", "url": "https://www.cnn.com/2020/06/14/us/couple-propose-black-lives-matter-protest-north-carolina-trnd/index.html", "headline": "He proposed to his girlfriend at a Black Lives Matter protest to celebrate black love"}, {"published_date": "2020-07-26", "url": "https://www.cnn.com/2020/07/26/us/black-lives-matter-explainer-trnd/index.html", "headline": "How Black Lives Matter went from a hashtag to a global rallying cry"}, {"published_date": "2020-07-09", "url": "https://www.cnn.com/2020/07/09/us/trump-tower-black-lives-matter-mural-new-york-trnd/index.html", "headline": "New York City paints Black Lives Matter mural outside Trump Tower in Manhattan"}, {"published_date": "2020-06-09", "url": "https://www.cnn.com/2020/06/09/us/nyc-black-lives-matter/index.html", "headline": "New York City will name a street 'Black Lives Matter' in each borough"}, {"published_date": "2020-07-19", "url": "https://www.cnn.com/2020/07/18/us/blm-mural-vandalism/index.html", "headline": "Black Lives Matter mural outside Trump Tower vandalized three times in one week"}, {"published_date": "2020-07-23", "url": "https://www.cnn.com/2020/07/23/us/black-lives-matter-protests-continue/index.html", "headline": "Black Lives Matter protests across America continue nearly 2 months after George Floyd's death"}, {"published_date": "2020-06-05", "url": "https://www.cnn.com/2020/06/05/us/justin-trudeau-kneel-black-lives-matter-trnd/index.html", "headline": "Justin Trudeau takes a knee at Black Lives Matter demonstration on Parliament Hill"}, {"published_date": "2020-07-06", "url": "https://www.cnn.com/2020/07/06/us/black-lives-matter-mural-painted-over-trnd/index.html", "headline": "Police are looking for two White people who painted over a Black Lives Matter mural"}, {"published_date": "2020-07-17", "url": "https://www.cnn.com/2020/07/16/us/black-lives-matter-mural-bystander/index.html", "headline": "Man charged for allegedly pulling gun on Black Lives Matter mural bystander"}, {"published_date": "2020-07-27", "url": "https://www.cnn.com/2020/07/27/us/black-lives-matter-mural-manhattan-vandalized/index.html", "headline": "Black Lives Matter mural painted outside Trump Tower vandalized for at least fourth time"}, {"published_date": "2020-07-11", "url": "https://www.cnn.com/2020/07/11/us/atlanta-dream-wnba-kelly-loeffler-trnd/index.html", "headline": "Atlanta's WNBA team supports Black Lives Matter after pushback from co-owner, a US senator"}, {"published_date": "2020-06-08", "url": "https://www.cnn.com/2020/06/08/us/philadelphia-wedding-couple-black-lives-matter-trnd/index.html", "headline": "This couple's wedding first look happened in front of a Black Lives Matter protest"}, {"published_date": "2020-07-23", "url": "https://www.cnn.com/2020/07/22/us/boston-red-sox-black-lives-matter-trnd/index.html", "headline": "The Boston Red Sox put up a Black Lives Matter billboard over the Massachusetts Turnpike"}, {"published_date": "2020-06-02", "url": "https://www.cnn.com/2020/06/02/us/blackout-tuesday-black-lives-matter-instagram-trnd/index.html", "headline": "Why posting a black image with the 'Black Lives Matter' hashtag could be doing more harm than good"}, {"published_date": "2020-07-08", "url": "https://www.cnn.com/2020/07/07/us/hate-crime-charges-black-lives-matter-mural-painted-over-trnd/index.html", "headline": "Two people are charged with a hate crime for vandalizing a Black Lives Matter mural"}, {"published_date": "2020-06-05", "url": "https://www.cnn.com/2020/06/05/us/black-lives-matter-dc-street-white-house-trnd/index.html", "headline": "Washington, DC paints a giant 'Black Lives Matter' message on the road to the White House"}, {"published_date": "2020-07-28", "url": "https://www.cnn.com/2020/07/28/us/austin-protest-shooting-witness/index.html", "headline": "Witness to Austin Black Lives Matter shooting says 'the driver incited the violence'"}, {"published_date": "2020-06-14", "url": "https://www.cnn.com/2020/06/14/us/seattle-black-lives-matter-mural-trnd/index.html", "headline": "Local artists collaborate to paint a giant Black Lives Matter mural on the street"}, {"published_date": "2020-06-14", "url": "https://www.cnn.com/2020/06/14/us/black-lives-matter-immigrants-visa-status-protest-trnd/index.html", "headline": "In the Black Lives Matter movement, immigrants find themselves in a tough position"}, {"published_date": "2020-06-15", "url": "https://www.cnn.com/2020/06/15/us/toyin-salau-black-lives-matter-found-dead-trnd/index.html", "headline": "Black Lives Matter activist found dead one week after she went missing in Florida"}, {"published_date": "2020-07-30", "url": "https://www.cnn.com/2020/07/30/us/blm-mural-spokane-wa-trnd/index.html", "headline": "A Black Lives Matter mural is defaced with red, white and blue paint in Washington state"}, {"published_date": "2020-07-07", "url": "https://www.cnn.com/2020/07/07/us/kelly-loeffler-wnba-atlanta-dream-trnd/index.html", "headline": "WNBA revolts over Atlanta Dream co-owner Sen. Kelly Loeffler's comments about Black Lives Matter"}, {"published_date": "2020-06-11", "url": "https://www.cnn.com/2020/06/11/us/black-lives-matter-hashtag-popularity-trnd/index.html", "headline": "People are tweeting about Black Lives Matter now more than at any point in the movement's history"}, {"published_date": "2020-07-01", "url": "https://www.cnn.com/2020/07/01/us/8-year-old-black-lives-matter-protest-missouri-trnd/index.html", "headline": "An 8-year-old boy organized a Black Lives Matter march for kids. Hundreds showed up."}, {"published_date": "2020-07-30", "url": "https://www.cnn.com/2020/07/30/us/blm-mural-tulsa-ordered-removed-trnd/index.html", "headline": "A 'Black Lives Matter' mural on Tulsa's 'Black Wall Street' is being removed after city officials said it was never approved"}, {"published_date": "2020-06-19", "url": "https://www.cnn.com/2020/06/18/us/officer-saves-choking-baby-trnd/index.html", "headline": "A sheriff's deputy saved a baby from choking during a Black Lives Matter protest"}, {"published_date": "2020-06-23", "url": "https://www.cnn.com/2020/06/23/us/black-lives-matter-damaged-sheriff-employee-trnd/index.html", "headline": "Sheriff's and DA's office employees accused of vandalizing a Black Lives Matter sign in California neighborhood"}, {"published_date": "2020-06-13", "url": "https://www.cnn.com/2020/06/13/us/michael-bennett-roger-goodell-black-lives-matter-trnd/index.html", "headline": "Roger Goodell saying Black Lives Matter is 'almost like a slap in the face,' Michael Bennett says"}, {"published_date": "2020-06-05", "url": "https://www.cnn.com/2020/06/05/us/cyclist-video-assault-black-lives-matter-trnd/index.html", "headline": "Police searching for cyclist who was filmed accosting people posting signs supporting Black Lives Matter"}, {"published_date": "2020-06-27", "url": "https://www.cnn.com/2020/06/27/us/courage-thorns-fc-players-kneel-spt-trnd/index.html", "headline": "National Women's Soccer League players knelt during the national anthem wearing Black Lives Matter shirts"}, {"published_date": "2020-06-20", "url": "https://www.cnn.com/2020/06/20/us/jason-mraz-donates-look-for-the-good-album-trnd/index.html", "headline": "Jason Mraz is donating all the earnings from his new album to Black Lives Matter and other groups"}, {"published_date": "2020-06-06", "url": "https://www.cnn.com/2020/06/06/us/small-town-blm-protests-trnd/index.html", "headline": "Black Lives Matter protests aren't just happening in big cities. They're also in America's small towns"}, {"published_date": "2020-06-20", "url": "https://www.cnn.com/2020/06/20/us/9-year-old-skater-black-lives-matters-street-washington-dc-trnd/index.html", "headline": "A 9-year-old figure skater performed a touching routine at the Black Lives Matter mural in Washington, DC"}, {"published_date": "2020-06-06", "url": "https://www.cnn.com/2020/06/06/us/police-arrest-cyclist-accosting-people-posting-signs-trnd/index.html", "headline": "Cyclist caught on video assaulting 3 people posting flyers in support of Black Lives Matter arrested"}, {"published_date": "2020-06-16", "url": "https://www.cnn.com/2020/06/16/us/philadelphia-court-supervisors-black-lives-matter-signs/index.html", "headline": "Philadelphia court supervisor fired after video shows him tearing down signs and saying black lives don't matter"}, {"published_date": "2020-07-03", "url": "https://www.cnn.com/2020/07/02/us/indiana-priest-suspended-trnd/index.html", "headline": "Indiana priest suspended after calling Black Lives Matter and antifa protesters 'maggots,' 'parasites' and 'serpents in the garden'"}, {"published_date": "2020-07-23", "url": "https://www.cnn.com/2020/07/23/us/philadelphia-officer-charged-pepper-spray/index.html", "headline": "Philadelphia police officer charged for pepper spraying Black Lives Matter protesters, prosecutors say"}, {"published_date": "2020-06-17", "url": "https://www.cnn.com/2020/06/17/us/boy-scouts-black-lives-matter-trnd/index.html", "headline": "Boy Scouts of America shows support for Black Lives Matter and will require some scouts to earn diversity badge"}, {"published_date": "2020-06-24", "url": "https://www.cnn.com/2020/06/24/us/coronavirus-cases-protests-black-lives-matter-trnd/index.html", "headline": "Black Lives Matter protests have not led to a spike in coronavirus cases, research says"}, {"published_date": "2020-07-07", "url": "https://www.cnn.com/2020/07/07/us/indiana-protester-hit-by-car/index.html", "headline": "Two people were hurt by a car as a Black Lives Matter demonstration was ending in Indiana"}, {"published_date": "2020-06-09", "url": "https://www.cnn.com/2020/06/09/us/bubba-wallace-confederate-flag-trnd/index.html", "headline": "NASCAR's Bubba Wallace will have Black Lives Matter paint scheme on car at Martinsville Speedway race"}, {"published_date": "2020-07-31", "url": "https://www.cnn.com/2020/07/31/us/lebron-james-black-lives-matter-nba-spt-trnd/index.html", "headline": "NBA season restarts with a nod to Black Lives Matter and 2 games that went down to the wire"}, {"published_date": "2020-06-18", "url": "https://www.cnn.com/2020/06/18/us/school-blm-chalk-art-removed-trnd/index.html", "headline": "Children are decorating a school with chalk art supporting Black Lives Matter, but people keep washing the messages away"}, {"published_date": "2020-07-10", "url": "https://www.cnn.com/2020/07/10/us/jackie-lacey-la-da-black-lives-matter/index.html", "headline": "Black Lives Matter's surprising target: Los Angeles County's first Black district attorney"}, {"published_date": "2020-06-08", "url": "https://www.cnn.com/2020/06/08/us/girl-black-lives-matter-montana-agitator-trnd/index.html", "headline": "He showed up angry at a Black Lives Matter protest. She showed how to stare him down."}, {"published_date": "2020-07-31", "url": "https://www.cnn.com/2020/07/31/us/blm-sign-kkk-headquarters-trnd/index.html", "headline": "A White filmmaker held up a Black Lives Matter sign in Harrison, Arkansas, and here's what happened"}, {"published_date": "2020-06-30", "url": "https://www.cnn.com/2020/06/29/us/nba-black-lives-matter-courts-spt-trnd/index.html", "headline": "NBA and players union to paint 'Black Lives Matter' on courts in Orlando when season resumes, source says"}, {"published_date": "2020-06-04", "url": "https://www.cnn.com/2020/06/04/us/kpop-bts-blackpink-fans-black-lives-matter-trnd/index.html", "headline": "K-pop fans are taking over 'White Lives Matter' and other anti-Black hashtags with memes and fancams of their favorite stars"}, {"published_date": "2020-07-17", "url": "https://www.cnn.com/2020/07/17/us/james-harden-face-mask-trnd/index.html", "headline": "NBA star James Harden criticized for wearing Blue Lives Matter face mask"}, {"published_date": "2020-07-16", "url": "https://www.cnn.com/2020/07/16/us/blue-lives-matter-mural-nyc-trnd/index.html", "headline": "Police groups want to paint a 'Blue Lives Matter' street mural in New York City, too"}, {"published_date": "2020-06-15", "url": "https://www.cnn.com/2020/06/15/us/surfers-paddle-out-black-lives-matter-protest-trnd/index.html", "headline": "Hundreds of surfers paddle out to protest police brutality and honor black lives"}, {"published_date": "2020-06-17", "url": "https://www.cnn.com/2020/06/17/us/mlk-quote-removed-westchester-trnd/index.html", "headline": "A family posted a Martin Luther King Jr. quote in honor of Black Lives Matter. Their town told them to take it down"}, {"published_date": "2020-07-01", "url": "https://www.cnn.com/2020/07/01/us/st-louis-couple-protest-firearms-mob-trnd/index.html", "headline": "St. Louis homeowner who pointed weapon at protesters says he 'was a victim of a mob' and doesn't oppose Black Lives Matter"}, {"published_date": "2020-06-21", "url": "https://www.cnn.com/2020/06/21/us/hip-hop-black-lives-matter-trnd/index.html", "headline": "10 times hip-hop told you about Black lives who mattered"}, {"published_date": "2020-06-25", "url": "https://www.cnn.com/2020/06/25/us/hijab-removed-booking-photo-black-lives-matter-trnd/index.html", "headline": "A Muslim woman says her headscarf was forcibly removed from her head for a booking photo after being arrested at a Black Lives Matter protest"}, {"published_date": "2020-06-07", "url": "https://www.cnn.com/2020/06/07/us/lgbtq-pride-month-events-in-solidarity-with-black-lives-matter-trnd/index.html", "headline": "LGBTQ communities are elevating black voices during Pride Month in solidarity"}, {"published_date": "2020-06-15", "url": "https://www.cnn.com/2020/06/14/us/black-trans-protests/index.html", "headline": "Thousands show up for black trans people in nationwide protests"}, {"published_date": "2020-06-12", "url": "https://www.cnn.com/2020/06/11/us/new-jersey-mayor-protest-trnd/index.html", "headline": "New Jersey mayor faces backlash for telling protesters he's 'pro-black for all the good black people' he knows"}, {"published_date": "2020-06-05", "url": "https://www.cnn.com/2020/06/05/us/philadelphia-inquirer-headline-controversy-trnd/index.html", "headline": "Philadelphia Inquirer journalists call out sick after paper publishes the headline: 'Buildings Matter, Too'"}, {"published_date": "2020-07-18", "url": "https://www.cnn.com/2020/07/18/us/black-women-overlooked-social-justice-movements-trnd/index.html", "headline": "Black women are often overlooked by social justice movements, a new study finds"}, {"published_date": "2020-06-14", "url": "https://www.cnn.com/2020/06/14/us/nascar-black-fans-confederate-flag/index.html", "headline": "For black NASCAR fans, the Confederate flag ban is welcome but long overdue"}, {"published_date": "2020-06-07", "url": "https://www.cnn.com/2020/06/07/us/philadelphia-inquirer-executive-editor-steps-down/index.html", "headline": "The executive editor of the Philadelphia Inquirer has stepped down after publishing 'Buildings Matter, Too' headline"}, {"published_date": "2020-07-09", "url": "https://www.cnn.com/2020/07/08/us/mls-black-lives-matter-george-floyd-tribute-spt/index.html", "headline": "Black MLS players raise gloved fists in racial justice protest before first match"}, {"published_date": "2020-06-04", "url": "https://www.cnn.com/2020/06/04/us/protests-black-americans-debate-blake/index.html", "headline": "The George Floyd protests are sparking a surprising debate in black America"}, {"published_date": "2020-07-10", "url": "https://www.cnn.com/2020/07/10/us/white-black-christians-racism-burke/index.html", "headline": "Why Black Christians are bracing for a 'whitelash'"}, {"published_date": "2020-06-20", "url": "https://www.cnn.com/2020/06/20/us/tulsa-trump-rally-tension/index.html", "headline": "For Black Tulsa residents, the city's racial past and present hover over Trump rally"}, {"published_date": "2020-06-05", "url": "https://www.cnn.com/2020/06/05/us/nfl-players-stronger-together-video-trnd/index.html", "headline": "NFL players release video calling on the league to condemn racism and support black players"}, {"published_date": "2020-07-15", "url": "https://www.cnn.com/2020/07/15/us/gun-violence-covid-crisis-black-latino-communities/index.html", "headline": "Black and Latino communities face another public health crisis amid the pandemic -- gun violence"}, {"published_date": "2020-05-29", "url": "https://www.cnn.com/2020/05/29/us/black-parents-children-safety-talk-blake/index.html", "headline": "George Floyd. Ahmaud Arbery. Breonna Taylor. What can black parents possibly tell their kids now about staying safe?"}, {"published_date": "2020-06-17", "url": "https://www.cnn.com/2020/06/17/us/charleston-shooting-anniversary-jury-foreman-dylann-roof/index.html", "headline": "Jury foreman can't forgive Charleston shooter, and he's disgusted over black people still killed for nothing"}, {"published_date": "2020-06-27", "url": "https://www.cnn.com/2020/06/27/us/marsha-p-johnson-statue-petition-elizabeth-new-jersey/index.html", "headline": "More than 40,000 sign to replace a Christopher Columbus statue with black trans activist Marsha P. Johnson"}, {"published_date": "2020-06-27", "url": "https://www.cnn.com/2020/06/26/us/all-lives-matter-reenactment-njdoc/index.html", "headline": "NJ corrections officer may lose his job over George Floyd death re-enactment"}, {"published_date": "2020-06-09", "url": "https://www.cnn.com/2020/06/09/us/ask-me-anything-sign-trnd/index.html", "headline": "Texas man holds sign inviting his community to ask him anything about racism"}, {"published_date": "2020-06-15", "url": "https://www.cnn.com/2020/06/15/us/nascar-thin-blue-line-car-trnd/index.html", "headline": "A NASCAR driver raced in a 'Back the Blue' car in support of police"}, {"published_date": "2020-07-02", "url": "https://www.cnn.com/2020/07/02/us/race-newsletter-trnd/index.html", "headline": "Performative activism, MLK and the BET Awards: A look back at the week in race and culture"}, {"published_date": "2020-06-13", "url": "https://www.cnn.com/2020/06/13/us/asian-americans-blm-conversations-trnd/index.html", "headline": "Meet the Asian Americans helping to uproot racism in their communities"}, {"published_date": "2020-07-31", "url": "https://www.cnn.com/2020/07/31/us/nba-magic-national-anthem-trnd/index.html", "headline": "Jonathan Isaac responds after being the lone NBA player to stand for National Anthem"}, {"published_date": "2020-06-15", "url": "https://www.cnn.com/2020/06/15/us/george-floyd-death-protest-songs-trnd/index.html", "headline": "George Floyd's death has inspired a new generation of protest songs"}, {"published_date": "2020-06-22", "url": "https://www.cnn.com/2020/06/22/us/nascar-race-bubba-wallace-talladega/index.html", "headline": "NASCAR drivers offer Bubba Wallace show of support after noose found in his garage"}, {"published_date": "2020-07-04", "url": "https://www.cnn.com/2020/07/04/us/fourth-july-america-blake/index.html", "headline": "Our country is in chaos. But it's a great time to be an American"}, {"published_date": "2020-07-06", "url": "https://www.cnn.com/2020/07/06/us/wnba-uniforms-say-her-name-spt-trnd/index.html", "headline": "WNBA players will wear uniforms that honor the women and girls lost to police brutality and racial violence"}, {"published_date": "2020-07-14", "url": "https://www.cnn.com/2020/07/14/us/allentown-police-knee-neck/index.html", "headline": "Allentown Police investigating after video appears to show officer putting his knee on man's neck"}, {"published_date": "2020-07-01", "url": "https://www.cnn.com/2020/06/30/us/los-angeles-city-council-approves-measure-nonviolent-response/index.html", "headline": "Los Angeles City Council moves forward with plan to replace police officers with community-based responders for nonviolent calls"}, {"published_date": "2020-06-08", "url": "https://www.cnn.com/2020/06/07/us/austin-texas-police-bean-bag-20-year-old-injured/index.html", "headline": "Austin police fired at a crowd transporting a protester injured by an officer"}, {"published_date": "2020-06-27", "url": "https://www.cnn.com/2020/06/27/us/virtual-pride-events-trnd/index.html", "headline": "Pride has gone virtual this year. Here's how you can celebrate"}, {"published_date": "2020-07-25", "url": "https://www.cnn.com/2020/07/25/us/wnba-season-start-breonna-taylor-cnn/index.html", "headline": "WNBA dedicates season to Breonna Taylor and Say Her Name campaign"}, {"published_date": "2020-06-14", "url": "https://www.cnn.com/2020/06/13/us/richmond-robert-e-lee-statue-trnd/index.html", "headline": "Statue of Robert E. Lee gets a makeover, with Pride Flag and 'BLM' sign"}, {"published_date": "2020-07-21", "url": "https://www.cnn.com/2020/07/21/us/civil-rights-leaders-next-blake/index.html", "headline": "The age of civil rights heroes ended a while ago -- and that actually might be good"}, {"published_date": "2020-06-18", "url": "https://www.cnn.com/2020/06/18/us/burning-cross-activist-virginia-trnd/index.html", "headline": "Possible burned cross found on front yard of 17-year-old activist's house after he organized protests"}, {"published_date": "2020-07-18", "url": "https://www.cnn.com/2020/07/18/us/chicago-protest-18-police-injured/index.html", "headline": "18 police officers were hurt in a Chicago protest. 'We were outnumbered and unprepared,' one says"}, {"published_date": "2020-07-19", "url": "https://www.cnn.com/2020/07/19/us/chicago-protest-lori-lightfoot/index.html", "headline": "Chicago protesters rally at mayor's house a day after clashes with police"}, {"published_date": "2020-06-05", "url": "https://www.cnn.com/2020/06/05/us/george-floyd-hospital-protest-trnd/index.html", "headline": "They spent months helping Covid-19 patients breathe. Now health care workers are kneeling for George Floyd"}, {"published_date": "2020-06-22", "url": "https://www.cnn.com/2020/06/22/us/nascar-noose-bubba-wallace-spt-trnd/index.html", "headline": "Dept. of Justice looking into noose found in NASCAR star Bubba Wallace's garage stall"}, {"published_date": "2020-07-27", "url": "https://www.cnn.com/2020/07/27/us/us-blm-protests/index.html", "headline": "Peaceful protests and violent clashes erupted this weekend. Here's what happened in 6 cities"}, {"published_date": "2020-07-10", "url": "https://www.cnn.com/2020/07/10/us/desean-jackson-anti-semitic-posts-mitchell-schwartz-spt-trnd/index.html", "headline": "Jewish NFL player Mitchell Schwartz says DeSean Jackson's anti-Semitic posts came from 'a place of ignorance'"}, {"published_date": "2020-06-07", "url": "https://www.cnn.com/us/live-news/george-floyd-protests-06-07-20/index.html", "headline": "June 7 George Floyd protest news"}, {"published_date": "2020-07-17", "url": "https://www.cnn.com/2020/07/17/us/anitracism-instagram-calendar-trnd/index.html", "headline": "A teenager created an anti-racism calendar to make it easier for everyone to become an ally"}, {"published_date": "2020-07-29", "url": "https://www.cnn.com/2020/07/29/us/nevada-douglas-county-library-sheriff-trnd/index.html", "headline": "This sheriff said he wouldn't respond to calls at the county's library, after it expressed support for BLM"}, {"published_date": "2020-07-01", "url": "https://www.cnn.com/2020/07/01/us/boston-statue-removed-trnd/index.html", "headline": "Boston to remove statue depicting freed slave kneeling before President Lincoln"}, {"published_date": "2020-06-08", "url": "https://www.cnn.com/2020/06/08/us/us-soccer-repeal-kneeling-ban-spt-trnd/index.html", "headline": "US Soccer may repeal the ban on players kneeling"}, {"published_date": "2020-06-05", "url": "https://www.cnn.com/2020/06/05/us/el-paso-bishop-kneels-trnd/index.html", "headline": "A bishop in El Paso kneeled in prayer for George Floyd. Two days later, Pope Francis called"}, {"published_date": "2020-06-12", "url": "https://www.cnn.com/2020/06/12/us/five-things-june-12-trnd/index.html", "headline": "5 things to know for June 12: Protests, election, economy, coronavirus, Lebanon"}, {"published_date": "2020-07-09", "url": "https://www.cnn.com/2020/07/09/us/julian-edelman-desean-jackson-trnd/index.html", "headline": "Julian Edelman, a Jewish NFL star, responds to DeSean Jackson's anti-Semitic posts, saying the world needs compassion"}, {"published_date": "2020-07-28", "url": "https://www.cnn.com/2020/07/28/us/george-floyd-hologram-richmond-robert-e-lee-statue-trnd/index.html", "headline": "A George Floyd hologram will light up the Robert E. Lee statue in Richmond tonight"}, {"published_date": "2020-06-08", "url": "https://www.cnn.com/2020/06/08/us/nascar-george-floyd-protest-spt-trnd/index.html", "headline": "NASCAR legends voice support for George Floyd protests"}, {"published_date": "2020-07-20", "url": "https://www.cnn.com/2020/07/20/us/portland-protests-fifty-days/index.html", "headline": "Protests in Portland have carried on for more than 50 days. Here's how they started"}, {"published_date": "2020-06-22", "url": "https://www.cnn.com/2020/06/22/us/nascar-denny-hamlin-fedex-national-civil-rights-museum-spt-trnd/index.html", "headline": "FedEx removed its branding from NASCAR's Denny Hamlin's car to highlight the National Civil Rights Museum instead"}, {"published_date": "2020-06-06", "url": "https://www.cnn.com/us/live-news/george-floyd-protests-06-06-20/index.html", "headline": "George Floyd protests across the US"}, {"published_date": "2020-07-25", "url": "https://www.cnn.com/2020/07/25/us/portland-stabbing-protest-tear-gas/index.html", "headline": "1 person stabbed as thousands protest in Portland; authorities earlier used tear gas on crowd"}, {"published_date": "2020-06-12", "url": "https://www.cnn.com/2020/06/11/us/nfl-pledges-250-million-to-social-justice-trnd/index.html", "headline": "The NFL commits $250 million over the next 10 years to help fight systematic racism"}, {"published_date": "2020-06-16", "url": "https://www.cnn.com/2020/06/16/us/five-things-june-16-trnd/index.html", "headline": "5 things to know for June 16: LGBTQ rights, North Korea, protests, police, Covid-19"}, {"published_date": "2020-06-23", "url": "https://www.cnn.com/2020/06/23/us/nascar-noose-not-hate-crime-bubba-wallace/index.html", "headline": "FBI says Bubba Wallace not a target of a hate crime"}, {"published_date": "2020-07-29", "url": "https://www.cnn.com/2020/07/29/us/massachusetts-juneteenth-state-holiday-trnd/index.html", "headline": "Massachusetts becomes the latest state to make Juneteenth an official state holiday"}, {"published_date": "2020-07-21", "url": "https://www.cnn.com/2020/07/21/us/los-angeles-angels-keynan-middleton-kneel-anthem-spt-trnd/index.html", "headline": "MLB pitcher says he's using his platform to 'implement change' after kneeling during the National Anthem"}, {"published_date": "2020-06-20", "url": "https://www.cnn.com/2020/06/20/us/juneteenth-official-holiday-nation/index.html", "headline": "Amid nationwide rallies and celebrations, more cities, states and universities designate Juneteenth as an official holiday"}, {"published_date": "2020-06-20", "url": "https://www.cnn.com/2020/06/20/us/racist-google-question-blake/index.html", "headline": "'Am I racist?' You may not like the answer"}, {"published_date": "2020-07-28", "url": "https://www.cnn.com/2020/07/28/us/vancouver-city-council-police-reform-trnd/index.html", "headline": "Vancouver City Council moves to limit police response to issues around mental health, sex work and homelessness"}, {"published_date": "2020-06-22", "url": "https://www.cnn.com/2020/06/22/us/five-things-june-22-trnd/index.html", "headline": "5 things to know for June 22: Coronavirus, Trump, NASCAR, Putin, statue removal"}, {"published_date": "2020-05-27", "url": "https://www.cnn.com/2020/05/27/us/eric-garner-mother-reax-floyd/index.html", "headline": "Eric Garner's mother says George Floyd's death feels like d\u00e9j\u00e0 vu"}, {"published_date": "2020-07-29", "url": "https://www.cnn.com/2020/07/29/us/louisville-ky-racism-public-health-crisis/index.html", "headline": "Louisville mayor recommends declaring racism a public health crisis"}, {"published_date": "2020-06-11", "url": "https://www.cnn.com/2020/06/11/us/what-is-juneteenth-trnd/index.html", "headline": "What to know about Juneteenth and why people are talking about it now"}, {"published_date": "2020-06-04", "url": "https://www.cnn.com/us/live-news/george-floyd-protests-06-05-20/index.html", "headline": "George Floyd protests across the US"}, {"published_date": "2020-06-10", "url": "https://www.cnn.com/2020/06/10/us/martin-gugino-trump-buffalo-tweet/index.html", "headline": "The 75-year-old Buffalo man seriously injured by police 'had a good chuckle' over Trump's tweet"}, {"published_date": "2020-07-21", "url": "https://www.cnn.com/2020/07/21/us/san-francisco-giants-kneel-national-anthem-spt-trnd/index.html", "headline": "San Francisco Giants' players and manager kneel during national anthem in exhibition game against Oakland"}, {"published_date": "2020-05-31", "url": "https://www.cnn.com/2020/05/31/us/aclu-mobile-justice-police-misconduct-app/index.html", "headline": "The ACLU created an app to help people record police misconduct"}, {"published_date": "2020-06-23", "url": "https://www.cnn.com/2020/06/23/us/noose-hate-symbol-racism-trnd/index.html", "headline": "Why the noose is such a potent symbol of hate"}, {"published_date": "2020-07-26", "url": "https://www.cnn.com/2020/07/26/us/austin-protests-shooting/index.html", "headline": "One dead after shots fired during protests in Austin"}, {"published_date": "2020-06-12", "url": "https://www.cnn.com/2020/06/12/us/fitness-trainer-fired-i-cant-breathe-workout/index.html", "headline": "Fitness trainer fired for 'I Can't Breathe' workout"}, {"published_date": "2020-06-29", "url": "https://www.cnn.com/2020/06/29/us/george-floyd-officers-chauvin-court/index.html", "headline": "Judge threatens to move George Floyd murder trial out of Minneapolis"}, {"published_date": "2020-06-15", "url": "https://www.cnn.com/2020/06/15/us/civil-rights-protests-then-now/index.html", "headline": "'The cross is a little lighter today'"}, {"published_date": "2020-06-26", "url": "https://www.cnn.com/2020/06/26/us/five-things-june-26-trnd/index.html", "headline": "5 things to know for June 26: Coronavirus, police, Obamacare, India, White supremacy"}, {"published_date": "2020-07-09", "url": "https://www.cnn.com/2020/07/08/us/marc-wilson-biracial-man-shooting-self-defense/index.html", "headline": "Biracial man charged with fatally shooting White teen was acting in self-defense, attorney says"}, {"published_date": "2020-06-17", "url": "https://www.cnn.com/2020/06/17/us/man-car-portland-protesters-trnd/index.html", "headline": "A man drove a car into a crowd of Portland protesters, injuring 3, police say"}, {"published_date": "2020-07-30", "url": "https://www.cnn.com/2020/07/30/us/federal-officers-preparing-to-leave-portland-oregon-governor-says/index.html", "headline": "Federal officers preparing to leave Portland, Oregon governor says"}, {"published_date": "2020-06-08", "url": "https://www.cnn.com/2020/06/08/us/virginia-man-car-kkk-trnd/index.html", "headline": "Man who allegedly ran over protesters is an admitted leader of the Ku Klux Klan, Virginia officials say"}, {"published_date": "2020-07-20", "url": "https://www.cnn.com/2020/07/20/us/edmund-pettus-bridge-john-lewis-trnd/index.html", "headline": "Pressure mounts to rename Alabama's Edmund Pettus Bridge in honor of John Lewis"}, {"published_date": "2020-06-26", "url": "https://www.cnn.com/2020/06/26/us/oregon-state-civil-war-football-trnd-spt/index.html", "headline": "Oregon and Oregon State will no longer call their games 'Civil War'"}, {"published_date": "2020-06-14", "url": "https://www.cnn.com/2020/06/14/us/tattoo-shop-hate-gang-symbol-cover-up-kentucky-trnd/index.html", "headline": "A Kentucky tattoo shop is offering to cover up hate and gang symbols for free"}, {"published_date": "2020-07-12", "url": "https://www.cnn.com/2020/07/12/us/love-dating-during-coronavirus-pandemic-wellness/index.html", "headline": "Love in the time of coronavirus: Couples share how they found matches in the middle of a pandemic"}, {"published_date": "2020-06-09", "url": "https://www.cnn.com/2020/06/09/us/dictionary-racism-definition-update-trnd/index.html", "headline": "A Missouri woman asked Merriam-Webster to update its definition of racism and now officials will make the change"}, {"published_date": "2020-07-17", "url": "https://www.cnn.com/2020/07/17/us/damon-young-race-reckoning-blake/index.html", "headline": "Why White supremacy is actually killing White people"}, {"published_date": "2020-06-23", "url": "https://www.cnn.com/2020/06/23/us/minneapolis-police-union-intvu/index.html", "headline": "Four weeks after George Floyd's death, an embattled police union finally speaks out"}, {"published_date": "2020-06-20", "url": "https://www.cnn.com/2020/06/20/us/nationwide-protests-saturday/index.html", "headline": "Trump calls protesters 'thugs' despite peaceful demonstrations in Tulsa and much of the US"}, {"published_date": "2020-07-24", "url": "https://www.cnn.com/2020/07/23/us/nathan-bills-racist-dress-code-trnd/index.html", "headline": "Massachusetts restaurant repeals a dress code policy banning durags and other items, after locals call it racist"}, {"published_date": "2020-07-15", "url": "https://www.cnn.com/2020/07/15/us/st-louis-attorney-missouri-governor-trump/index.html", "headline": "St. Louis prosecutor investigating couple who brandished guns at protesters says governor and Trump are targeting her"}, {"published_date": "2020-06-21", "url": "https://www.cnn.com/2020/06/21/us/arthur-miller-death-nypd/index.html", "headline": "A father was choked to death by the NYPD 42 years ago. His family has never recovered"}, {"published_date": "2020-06-19", "url": "https://www.cnn.com/2020/06/19/us/portland-george-washington-statue-toppled-trnd/index.html", "headline": "Protesters tore down a George Washington statue and set a fire on its head"}, {"published_date": "2020-07-14", "url": "https://www.cnn.com/2020/07/14/us/pennsylvania-police-reform-bills-signed/index.html", "headline": "Pennsylvania law now requires officers applying for new jobs to submit previous employment records"}, {"published_date": "2020-07-01", "url": "https://www.cnn.com/2020/07/01/us/nwsl-soccer-kneel-national-anthem-spt-trnd/index.html", "headline": "Women's soccer league players and officials kneel during National Anthem"}, {"published_date": "2020-06-09", "url": "https://www.cnn.com/2020/06/09/us/latino-leaders-racism-letter/index.html", "headline": "These leaders say Latinos need to acknowledge their racism, too"}, {"published_date": "2020-06-08", "url": "https://www.cnn.com/2020/06/08/us/five-things-june-8-trnd/index.html", "headline": "5 things to know for June 8: George Floyd, police reform, coronavirus, economy, China"}, {"published_date": "2020-06-19", "url": "https://www.cnn.com/2020/06/19/us/white-christians-racism-robert-jones/index.html", "headline": "This is a moment of reckoning on race for White Christians"}, {"published_date": "2020-06-18", "url": "https://www.cnn.com/2020/06/18/us/richmond-suit-robert-lee-statue-trnd/index.html", "headline": "Six Virginia residents sue to keep Robert E. Lee statue aloft"}, {"published_date": "2020-07-20", "url": "https://www.cnn.com/2020/07/20/us/portland-protester-navy-veteran-beaten/index.html", "headline": "A Navy veteran says he was beaten and pepper sprayed by authorities while attending his first protest in Portland"}, {"published_date": "2020-07-01", "url": "https://www.cnn.com/2020/07/01/us/seattle-chop-protesters/index.html", "headline": "Seattle Police disperse protesters from occupied CHOP area after emergency order"}, {"published_date": "2020-06-04", "url": "https://www.cnn.com/2020/06/04/us/nypd-officers-attack/index.html", "headline": "Attack on NYPD officers being investigated as possible act of terrorism, source says"}, {"published_date": "2020-07-16", "url": "https://www.cnn.com/2020/07/16/us/jrue-holiday-salary-social-justice-fund-spt-trnd/index.html", "headline": "Jrue Holiday to launch a social justice fund with the rest of his 2020 NBA salary"}, {"published_date": "2020-06-30", "url": "https://www.cnn.com/2020/06/30/us/san-jose-officers-racist-posts/index.html", "headline": "4 San Jose officers are on leave while Facebook posts are investigated"}, {"published_date": "2020-07-22", "url": "https://www.cnn.com/2020/07/22/us/portland-protests-mayors-withdraw-federal-forces/index.html", "headline": "More than a dozen mayors join Portland in asking Trump administration to withdraw federal forces"}, {"published_date": "2020-06-09", "url": "https://www.cnn.com/2020/06/09/us/five-things-june-9-trnd/index.html", "headline": "5 things to know for June 9: Police, George Floyd, coronavirus, economy, North Korea"}, {"published_date": "2020-07-04", "url": "https://www.cnn.com/2020/07/04/us/july-4-protests-tampa-pittsburgh/index.html", "headline": "Some Americans mark Fourth of July with protests"}, {"published_date": "2020-06-25", "url": "https://www.cnn.com/2020/06/25/us/nascar-noose-investigation-complete-trnd/index.html", "headline": "This is the noose that was found in Bubba Wallace's garage stall at the Talladega Superspeedway"}, {"published_date": "2020-06-09", "url": "https://www.cnn.com/2020/06/09/us/disband-police-camden-new-jersey-trnd/index.html", "headline": "This city disbanded its police department 7 years ago. Here's what happened next"}, {"published_date": "2020-07-19", "url": "https://www.cnn.com/2020/07/19/us/us-slavery-connections-trnd/index.html", "headline": "Here are seven things you probably didn't know were connected to slavery"}, {"published_date": "2020-06-27", "url": "https://www.cnn.com/2020/06/27/us/dixie-term-south-racism-black-lives-matter-trnd/index.html", "headline": "How the term 'Dixie' came to define the South"}, {"published_date": "2020-07-12", "url": "https://www.cnn.com/2020/07/12/us/john-wayne-exhibit-usc-trnd/index.html", "headline": "USC will remove a John Wayne exhibit after actor's racist comments resurfaced"}, {"published_date": "2020-06-17", "url": "https://www.cnn.com/2020/06/17/us/us-without-police-reform-defund-trnd/index.html", "headline": "What the US would look like without police, as imagined in 3 scenarios"}, {"published_date": "2020-07-19", "url": "https://www.cnn.com/2020/07/19/us/chicago-shootings-weekend/index.html", "headline": "Chicago shootings leave at least 49 people shot and seven dead this weekend"}, {"published_date": "2020-06-23", "url": "https://www.cnn.com/2020/06/23/us/atlanta-spotlight-brooks-funeral/index.html", "headline": "Atlanta is once again at the center of the nation's struggle with race and civil rights"}, {"published_date": "2020-06-07", "url": "https://www.cnn.com/2020/06/07/us/george-floyd-protests-sunday/index.html", "headline": "Minneapolis City Council members intend to defund and dismantle the city's police department"}, {"published_date": "2020-06-03", "url": "https://www.cnn.com/2020/06/03/us/us-protests-wednesday-george-floyd/index.html", "headline": "Protesters feel joy after four former officers hit with new charges in George Floyd's death"}, {"published_date": "2020-06-15", "url": "https://www.cnn.com/2020/06/15/us/denver-stapleton-name-change-trnd/index.html", "headline": "Local officials in Denver's Stapleton neighborhood want to change its name because of a former mayor's KKK ties"}, {"published_date": "2020-07-02", "url": "https://www.cnn.com/2020/07/02/us/florida-sheriff-deputize-gun-owners-trnd/index.html", "headline": "A Florida sheriff said he will deputize lawful gun owners if protests turn violent"}, {"published_date": "2020-06-12", "url": "https://www.cnn.com/2020/06/12/us/protests-rodney-king-freddie-gray-optimism-blake/index.html", "headline": "I covered the Rodney King and Freddie Gray riots. This moment feels different. That's why I'm afraid"}, {"published_date": "2020-06-13", "url": "https://www.cnn.com/2020/06/12/us/videos-jail-custody-death-sterling-higgins-invs/index.html", "headline": "Videos raise question about in-custody death deemed an 'accident' by Tennessee officials"}, {"published_date": "2020-07-18", "url": "https://www.cnn.com/2020/07/17/us/allentown-police-knee-neck-no-charges/index.html", "headline": "Allentown police officer seen kneeling on man's neck won't face charges, prosecutors say"}, {"published_date": "2020-06-26", "url": "https://www.cnn.com/2020/06/26/us/miami-gardens-officer-charged/index.html", "headline": "An ex-officer is charged with battery and official misconduct after video shows him Tasing a woman with his knee on her neck"}, {"published_date": "2020-06-13", "url": "https://www.cnn.com/2020/06/13/us/changes-from-protests-george-floyd-trnd/index.html", "headline": "The race-related things that have changed since protests began around George Floyd's death"}, {"published_date": "2020-06-15", "url": "https://www.cnn.com/2020/06/15/us/seattle-capitol-hill-autonomous-zone-monday/index.html", "headline": "Protesters have occupied part of Seattle's Capitol Hill for a week. Here's what it's like inside"}, {"published_date": "2020-05-30", "url": "https://www.cnn.com/2020/05/29/us/protesters-anger-george-floyd/index.html", "headline": "What protesters say is fueling their anger"}, {"published_date": "2020-06-03", "url": "https://www.cnn.com/2020/06/03/us/statues-removed-george-floyd-trnd/index.html", "headline": "These controversial statues have been removed following protests over George Floyd's death"}, {"published_date": "2020-06-18", "url": "https://www.cnn.com/2020/06/17/us/florissant-missouri-former-police-officer-charged/index.html", "headline": "Former Missouri police officer charged after hitting man with his car"}, {"published_date": "2020-06-29", "url": "https://www.cnn.com/2020/06/28/us/nypd-car-hit-with-debris/index.html", "headline": "NYPD cars hit with glass bottles and other debris in Harlem after responding to report of gunfire detected"}, {"published_date": "2020-06-25", "url": "https://www.cnn.com/2020/06/25/us/wilmington-north-carolina-police-officers-fired-trnd/index.html", "headline": "Three police officers fired after they are caught using 'hate-filled speech,' chief says"}, {"published_date": "2020-06-07", "url": "https://www.cnn.com/2020/06/06/us/what-is-defund-police-trnd/index.html", "headline": "There's a growing call to defund the police. Here's what it means"}, {"published_date": "2020-07-14", "url": "https://www.cnn.com/2020/07/14/us/police-violence-defund-debate-trnd/index.html", "headline": "Crime is surging in US cities. Some say defunding the police will actually make it fall"}, {"published_date": "2020-07-24", "url": "https://www.cnn.com/2020/07/24/us/nba-breonna-taylor-spt-trnd/index.html", "headline": "NBA players are dedicating their post-game interviews to Breonna Taylor"}, {"published_date": "2020-06-25", "url": "https://www.cnn.com/2020/06/25/us/five-things-june-25-trnd/index.html", "headline": "5 things to know for June 25: Coronavirus, Joe Biden, Ahmaud Arbery, Roundup, tariffs"}, {"published_date": "2020-07-14", "url": "https://www.cnn.com/2020/07/14/us/protest-writing-workshop-philadelphia-trnd/index.html", "headline": "'Protest Writing' workshop gives students an outlet to fight racial injustice and bullying"}, {"published_date": "2020-06-10", "url": "https://www.cnn.com/2020/06/10/us/christopher-columbus-statues-down-trnd/index.html", "headline": "Statues of Christopher Columbus are being dismounted across the country"}, {"published_date": "2020-06-13", "url": "https://www.cnn.com/2020/06/13/us/influencers-protests-backlash-trnd/index.html", "headline": "Some influencers spark backlash after using protests as backdrop for their content"}, {"published_date": "2020-07-27", "url": "https://www.cnn.com/2020/07/27/us/ole-miss-university-mississippi-name-controversy/index.html", "headline": "The Battle over Ole Miss: Why a flagship university has stood behind a nickname with a racist past"}, {"published_date": "2020-06-03", "url": "https://www.cnn.com/us/live-news/george-floyd-protests-06-04-20/index.html", "headline": "Remembering George Floyd"}, {"published_date": "2020-06-04", "url": "https://www.cnn.com/2020/06/04/us/five-things-june-4-trnd/index.html", "headline": "5 things to know for June 4: George Floyd, protests, coronavirus, stimulus, oil spill"}, {"published_date": "2020-06-07", "url": "https://www.cnn.com/us/live-news/george-floyd-memorial-service-protests/index.html", "headline": "June 8 George Floyd protest news"}, {"published_date": "2020-07-16", "url": "https://www.cnn.com/2020/07/16/us/race-newsletter-july-16-trnd/index.html", "headline": "How do you 'cancel' power?"}, {"published_date": "2020-05-31", "url": "https://www.cnn.com/2020/05/30/us/minneapolis-business-support-protest-riot-gandhi-mahal-trnd/index.html", "headline": "Minneapolis businesses, including some that were damaged, are standing in solidarity with protesters"}, {"published_date": "2020-06-21", "url": "https://www.cnn.com/2020/06/21/us/demonstrators-reimagine-public-safety-without-police/index.html", "headline": "Demonstrators say public safety re-imagined is a future without police"}, {"published_date": "2020-05-27", "url": "https://www.cnn.com/2020/05/27/us/minneapolis-george-floyd-police-death/index.html", "headline": "George Floyd's family says four officers involved in his death should be charged with murder"}, {"published_date": "2020-06-23", "url": "https://www.cnn.com/2020/06/23/us/five-things-june-23-trnd/index.html", "headline": "5 things to know for June 23: Covid, elections, Rayshard Brooks, police, immigration"}, {"published_date": "2020-06-01", "url": "https://www.cnn.com/2020/06/01/us/huntington-beach-stay-home-orders-george-floyd-protest/index.html", "headline": "In Huntington Beach, a George Floyd protest was deemed an unlawful assembly. A stay-at-home protest one month ago was not"}, {"published_date": "2020-07-28", "url": "https://www.cnn.com/2020/07/28/us/portland-protests-wall-of-moms-lawsuit/index.html", "headline": "'Wall of Moms' sues federal agencies over Portland protest violence"}, {"published_date": "2020-06-08", "url": "https://www.cnn.com/2020/06/08/us/lapd-protesters-black-lives-matter/index.html", "headline": "Following backlash, LA officials say they won't criminally charge or fine peaceful protesters"}, {"published_date": "2020-06-23", "url": "https://www.cnn.com/2020/06/23/us/rayshard-brooks-funeral/index.html", "headline": "Rayshard Brooks remembered as a hard-working father kept down by a racist legal system"}, {"published_date": "2020-06-02", "url": "https://www.cnn.com/2020/06/02/us/nyc-democrats-donate-police-money-trnd/index.html", "headline": "A 19-year-old called out New York Democrats accepting police campaign donations. To his surprise, many have listened"}, {"published_date": "2020-06-24", "url": "https://www.cnn.com/2020/06/24/us/five-things-june-24-trnd/index.html", "headline": "5 things to know for June 24: Coronavirus, Justice Department, NASCAR, Mexico, Canada"}, {"published_date": "2020-07-08", "url": "https://www.cnn.com/2020/07/08/us/tulsa-covid-trump-rally-contact-tracers-trnd/index.html", "headline": "Tulsa sees Covid-19 surge in the wake of Trump's June rally"}, {"published_date": "2020-07-30", "url": "https://www.cnn.com/2020/07/30/us/pelicans-jazz-blm-tribute-nba-spt-trnd/index.html", "headline": "NBA players took a knee before kicking off the league's reopened season"}, {"published_date": "2020-07-26", "url": "https://www.cnn.com/2020/07/26/us/teens-rename-john-lewis-high-school/index.html", "headline": "Virginia teens got in 'good trouble,' as they pushed to rename their high school for John Lewis"}, {"published_date": "2020-07-07", "url": "https://www.cnn.com/2020/07/07/us/atlanta-georgia-crime-mayor/index.html", "headline": "Atlanta mayor says increase in shootings stems from 'perfect storm of distress'"}, {"published_date": "2020-06-15", "url": "https://www.cnn.com/2020/06/15/us/rayshard-brooks-widow-tomika-miller-interview/index.html", "headline": "Rayshard Brooks' widow: 'Do they feel sorry for what they took away?'"}, {"published_date": "2020-05-30", "url": "https://www.cnn.com/2020/05/30/us/minnesota-police-actions-public-anger-trnd/index.html", "headline": "George Floyd killing latest in string of police actions to stoke public anger in Minnesota"}, {"published_date": "2020-06-04", "url": "https://www.cnn.com/2020/06/04/us/mcmichaels-hearing-ahmaud-arbery/index.html", "headline": "Ahmaud Arbery was hit with a truck before he died, and his killer allegedly used a racial slur, investigator testifies"}, {"published_date": "2020-05-30", "url": "https://www.cnn.com/2020/05/30/us/george-floyd-protests-saturday/index.html", "headline": "Protesters break curfew on another night of fury and frustrations over George Floyd's killing"}, {"published_date": "2020-06-11", "url": "https://www.cnn.com/2020/06/11/us/five-things-june-11-trnd/index.html", "headline": "5 things to know for June 11: Coronavirus, BLM, immigration, election, Nigeria"}, {"published_date": "2020-06-02", "url": "https://www.cnn.com/2020/06/02/us/five-things-june-2-trnd/index.html", "headline": "5 things to know for June 2: protests, military, George Floyd autopsy, coronavirus"}, {"published_date": "2020-06-25", "url": "https://www.cnn.com/2020/06/25/us/police-reform-civilian-oversight-invs/index.html", "headline": "When it comes to policing the police, strong watchdogs are the exception"}, {"published_date": "2020-06-12", "url": "https://www.cnn.com/2020/06/12/us/oklahoma-city-derrick-scott/index.html", "headline": "Oklahoma City police release video of 2019 deadly arrest after protesters demand it"}, {"published_date": "2020-06-02", "url": "https://www.cnn.com/us/live-news/george-floyd-protests-06-03-20/index.html", "headline": "George Floyd protests spread nationwide"}, {"published_date": "2020-05-28", "url": "https://www.cnn.com/us/live-news/george-floyd-protest-updates-05-28-20/index.html", "headline": "George Floyd protests spread nationwide"}, {"published_date": "2020-06-24", "url": "https://www.cnn.com/2020/06/24/us/florida-coronavirus-cases-surge/index.html", "headline": "What's behind the surge of Covid-19 cases in Florida"}, {"published_date": "2020-06-08", "url": "https://www.cnn.com/2020/06/08/us/george-floyd-houston-visitation/index.html", "headline": "Thousands of mourners visit George Floyd's casket in Houston to pay respects"}, {"published_date": "2020-07-31", "url": "https://www.cnn.com/2020/07/31/us/five-things-july-31-trnd/index.html", "headline": "5 things to know for July 31: Coronavirus, election 2020, economy, stimulus, hong kong"}, {"published_date": "2020-07-08", "url": "https://www.cnn.com/2020/07/08/us/atatiana-jefferson-siblings-police-violence/index.html", "headline": "As a nation cries for justice in police killings, Atatiana Jefferson's siblings demand she not be forgotten"}, {"published_date": "2020-07-23", "url": "https://www.cnn.com/2020/07/23/us/five-things-july-23-trnd/index.html", "headline": "5 things to know for July 23: Coronavirus, economy, stimulus, China, MLB"}, {"published_date": "2020-06-05", "url": "https://www.cnn.com/2020/06/05/us/us-george-floyd-protests-friday/index.html", "headline": "Minneapolis City Council votes to ban chokeholds one day after George Floyd memorial"}, {"published_date": "2020-07-09", "url": "https://www.cnn.com/2020/07/09/us/stephen-jackson-desean-jackson-anti-semitic-remarks/index.html", "headline": "Ex-NBA star Stephen Jackson says remarks about DeSean Jackson were twisted, but apologizes"}, {"published_date": "2020-07-11", "url": "https://www.cnn.com/us/live-news/john-lewis-dies/index.html", "headline": "Remembering John Lewis"}, {"published_date": "2020-06-01", "url": "https://www.cnn.com/us/live-news/george-floyd-protests-06-02-20/index.html", "headline": "June 2 George Floyd protest news"}, {"published_date": "2020-06-09", "url": "https://www.cnn.com/2020/06/09/us/confederate-statues-removed-george-floyd-trnd/index.html", "headline": "Confederate statues are coming down following George Floyd's death. Here's what we know"}, {"published_date": "2020-05-31", "url": "https://www.cnn.com/us/live-news/george-floyd-protests-06-01-20/index.html", "headline": "George Floyd protests spread nationwide"}, {"published_date": "2020-05-30", "url": "https://www.cnn.com/us/live-news/george-floyd-protests-05-31-20/index.html", "headline": "May 31 George Floyd protest news"}, {"published_date": "2020-05-29", "url": "https://www.cnn.com/us/live-news/george-floyd-protests-05-30-20/index.html", "headline": "May 30 George Floyd protests news"}, {"published_date": "2020-05-27", "url": "https://www.cnn.com/us/live-news/us-coronavirus-update-05-28-20/index.html", "headline": "Coronavirus pandemic in the US"}]