[{"published_date": "2020-06-18", "url": "/article/uk-factcheck-false-george-soros-claims/fact-checkfalseclaims-about-george-soros-idUSKBN23P2XJ", "headline": "Fact check:\u00a0False\u00a0claims about George Soros\u00a0\u00a0"}, {"published_date": "2020-07-31", "url": "/article/idUSMTZXEG81D36QHE", "headline": "Giannis, Bucks top Celtics in return"}, {"published_date": "2020-07-31", "url": "/article/idUSKCN24W24M", "headline": "Portland protesters put out fires as feds withdraw"}, {"published_date": "2020-07-31", "url": "/article/idUSKCN24W2QD", "headline": "In Portland, some <b>Black</b> activists frustrated with white protesters"}, {"published_date": "2020-07-31", "url": "/article/idUSL2N2F20XI", "headline": "UPDATE 6-Portland has no fires, arrests as feds withdraw"}, {"published_date": "2020-07-31", "url": "/article/idUSL3N2F11UQ", "headline": "In Portland, some <b>Black</b> activists frustrated with white protesters"}, {"published_date": "2020-07-31", "url": "/article/idUSKCN24W1OG", "headline": "Honduran minority fears for survival after leaders abducted"}, {"published_date": "2020-07-31", "url": "/article/idUSKCN24V3RM", "headline": "NBA players protest racial injustice as league returns to action"}, {"published_date": "2020-07-30", "url": "/article/idUSKCN24W0BU", "headline": "NBA notebook: Players, coaches kneel as games return"}, {"published_date": "2020-07-30", "url": "/article/idUSMTZXEG7VB8GELO", "headline": "Jazz overtake Pelicans to win NBA's first game back"}, {"published_date": "2020-07-30", "url": "/article/idUSKCN24V3FY", "headline": "'I feel targeted': U.S. trans murders near record high"}, {"published_date": "2020-07-30", "url": "/article/idUSL5N2F195T", "headline": "'I feel targeted': U.S. trans murders near record high"}, {"published_date": "2020-07-30", "url": "/article/idUSKCN24V1PW", "headline": "Why Trump's tough-on-crime message is not breaking through in suburban America"}, {"published_date": "2020-07-30", "url": "/article/idUSKCN24U1U1", "headline": "States can restrict protests on public health grounds, within reason, U.N. says"}, {"published_date": "2020-07-30", "url": "/article/idUSL5N2F13AB", "headline": "UPDATE 1-States can restrict protests on public health grounds, within reason, U.N. says"}, {"published_date": "2020-07-30", "url": "/article/idUSL2N2EZ1EN", "headline": "ANALYSIS-Why Trump's tough-on-crime message is not breaking through in suburban America"}, {"published_date": "2020-07-30", "url": "/article/idUSKCN24V1B8", "headline": "Australia revamps strategy to tackle poor Aboriginal outcomes"}, {"published_date": "2020-07-30", "url": "/article/idUSKCN24U2GW", "headline": "U.S., Oregon agree to phase out federal agents from Portland"}, {"published_date": "2020-07-30", "url": "/article/idUSKCN24V0R8", "headline": "<b>Black</b> urban farmers in the U.S. sow seeds to end 'food apartheid'"}, {"published_date": "2020-07-29", "url": "/article/idUSKCN24U25T", "headline": "London expects only half of bankers back at their desks this year"}, {"published_date": "2020-07-29", "url": "/article/idUSL5N2F0313", "headline": "London expects only half of bankers back at their desks this year"}, {"published_date": "2020-07-29", "url": "/article/idUSKCN24U1EX", "headline": "Support dips for protests, but many Americans reject Trump's response: Reuters/Ipsos poll"}, {"published_date": "2020-07-29", "url": "/article/idUSKCN24U05A", "headline": "Federal agents pull out of Seattle, mayor says"}, {"published_date": "2020-07-28", "url": "/article/idUSKCN24T1HL", "headline": "Special Report: Rite Aid deployed facial recognition systems in hundreds of U.S. stores"}, {"published_date": "2020-07-28", "url": "/article/idUSL2N2EZ2H0", "headline": "SPECIAL REPORT-Rite Aid deployed facial recognition systems in hundreds of U.S. stores"}, {"published_date": "2020-07-28", "url": "/article/idUSKCN24T2TB", "headline": "Bio-secure bubble presents unprecedented challenges for NBA"}, {"published_date": "2020-07-28", "url": "/article/idUSKCN24T2R2", "headline": "NBA: League adapts to COVID-19 era as season resumes"}, {"published_date": "2020-07-28", "url": "/article/idUSL2N2EZ05J", "headline": "NBA-League adapts to COVID-19 era as season resumes"}, {"published_date": "2020-07-28", "url": "/article/idUSL2N2EZ1FC", "headline": "PREVIEW-NBA-Bio-secure bubble presents unprecedented challenges for NBA"}, {"published_date": "2020-07-28", "url": "/article/idUSKCN24S22V", "headline": "Exclusive: HSBC aims to double number of senior <b>Black</b> staff by 2025 - memo"}, {"published_date": "2020-07-28", "url": "/article/idUSKCN24S2SU", "headline": "Six U.S. mayors urge Congress to block Trump federal deployment"}, {"published_date": "2020-07-28", "url": "/article/idUSL2N2EZ007", "headline": "SPECIAL REPORT-Rite Aid deployed facial recognition systems in hundreds of U.S. stores"}, {"published_date": "2020-07-28", "url": "/article/idUSL5N2EZ1VP", "headline": "RPT-EXCLUSIVE-HSBC aims to double number of senior <b>Black</b> staff by 2025- memo"}, {"published_date": "2020-07-28", "url": "/article/idUSKCN24T0AH", "headline": "Australian PM abandons interstate tour to tackle coronavirus crisis"}, {"published_date": "2020-07-28", "url": "/article/idUSL3N2EZ1FL", "headline": "UPDATE 1-Australian PM abandons interstate tour to tackle coronavirus crisis"}, {"published_date": "2020-07-28", "url": "/article/idUSKCN24T00O", "headline": "Australian police arrest six at <b>Black</b> <b>Lives</b> <b>Matter</b> rally for breaching virus ban"}, {"published_date": "2020-07-28", "url": "/article/idUSL3N2EZ0QO", "headline": "UPDATE 2-Australian police arrest 6 at <b>Black</b> <b>Lives</b> <b>Matter</b> rally for breaching virus ban"}, {"published_date": "2020-07-27", "url": "/article/idUSKCN24S13F", "headline": "Civil rights pioneer, Congressman John Lewis honored in Capitol Hill ceremony"}, {"published_date": "2020-07-27", "url": "/article/idUSL3N2EY4VV", "headline": "Australia <b>Black</b> <b>Lives</b> <b>Matter</b> rally to go ahead despite court ban"}, {"published_date": "2020-07-27", "url": "/article/idUSL5N2EY58W", "headline": "EXCLUSIVE-HSBC aims to double number of senior <b>Black</b> staff by 2025- memo"}, {"published_date": "2020-07-27", "url": "/article/idUSL5N2EY51A", "headline": "EXCLUSIVE-HSBC aims to double number of senior <b>Black</b> staff by 2025- memo"}, {"published_date": "2020-07-27", "url": "/article/idUSKCN24S1V7", "headline": "Fact\u00a0check:\u00a0Kroger receipt has been photoshopped to\u00a0include a\u00a0\u201cBLM charge\u201d\u00a0"}, {"published_date": "2020-07-27", "url": "/article/idUSKCN24S1A6", "headline": "On Chicago's South Side, some violence-weary residents open to federal investigators"}, {"published_date": "2020-07-26", "url": "/article/idUSKCN24Q0VO", "headline": "Seattle <b>Black</b> <b>Lives</b> <b>Matter</b> clashes spark 45 arrests, 21 police injured"}, {"published_date": "2020-07-26", "url": "/article/idUSKCN24R08J", "headline": "Australia police win halt to <b>Black</b> <b>Lives</b> <b>Matter</b> protest amid COVID-19"}, {"published_date": "2020-07-26", "url": "/article/idUSKCN24R06I", "headline": "One person shot, killed during <b>Black</b> <b>Lives</b> <b>Matter</b> protest in Texas"}, {"published_date": "2020-07-26", "url": "/article/idUSKCN24P246", "headline": "U.S. charges 18 Portland protesters as it sends tactical police to Seattle"}, {"published_date": "2020-07-25", "url": "/article/idUSKCN24Q0KH", "headline": "France extends police powers in crackdown on drugs trade"}, {"published_date": "2020-07-24", "url": "/article/idUSKCN24Q020", "headline": "Gray, Reds dominate Tigers in opener"}, {"published_date": "2020-07-24", "url": "/article/idUSMTZXEG7P03B5Z9", "headline": "Gray, Reds dominate Tigers in opener"}, {"published_date": "2020-07-24", "url": "/article/idUSKCN24P0NG", "headline": "Federal agents fire tear gas again at Portland protesters"}, {"published_date": "2020-07-24", "url": "/article/idUSKCN24P2AU", "headline": "LeBron addresses Breonna Taylor, social injustice"}, {"published_date": "2020-07-24", "url": "/article/idUSKCN24P1Y7", "headline": "Chevron diversity ratio to improve as layoffs progress"}, {"published_date": "2020-07-24", "url": "/article/idUSL3N2EV37D", "headline": "UPDATE 1-Chevron diversity ratio to improve as layoffs progress"}, {"published_date": "2020-07-24", "url": "/article/idUSL3N2EU3JU", "headline": "Chevron diversity ratio to improve as layoffs progress"}, {"published_date": "2020-07-24", "url": "/article/idUSL2N2EV08F", "headline": "UPDATE 3-Federal agents fire tear gas again at Portland protesters"}, {"published_date": "2020-07-24", "url": "/article/idUSL3N2EV1E6", "headline": "Thousands gather outside central police precinct as Portland protests continue"}, {"published_date": "2020-07-24", "url": "/article/idUSKCN24P00Z", "headline": "No escaping COVID-19 as Major League Baseball starts season"}, {"published_date": "2020-07-24", "url": "/article/idUSL2N2EV00V", "headline": "UPDATE 2-Baseball-No escaping COVID-19 as Major League Baseball starts season"}, {"published_date": "2020-07-23", "url": "/article/idUSKCN24P04Y", "headline": "MLB players protest racial inequality at season opener"}, {"published_date": "2020-07-23", "url": "/article/idUSKCN24P037", "headline": "U.S. congressman John Lewis to lie in state in Capitol Rotunda"}, {"published_date": "2020-07-23", "url": "/article/idUSL2N2EU0IN", "headline": "PREVIEW-Basketball-WNBA aims to harness momentum as it navigates COVID-19 landscape"}, {"published_date": "2020-07-22", "url": "/article/idUSKCN24N2LN", "headline": "Fact check: Evidence shows smoke bombs did not enter horse trailer at Oklahoma protest"}, {"published_date": "2020-07-22", "url": "/article/idUSKCN24N1AH", "headline": "Greenland voters want to keep coloniser's vandalised statue"}, {"published_date": "2020-07-22", "url": "/article/idUSKCN24N05K", "headline": "Masks for Melbourne as Australia's coronavirus tally rises by record"}, {"published_date": "2020-07-22", "url": "/article/idUSL3N2ET0RP", "headline": "UPDATE 2-Masks for Melbourne as Australia's coronavirus tally rises by record"}, {"published_date": "2020-07-22", "url": "/article/idUSKCN24N0F3", "headline": "Koepka condemns Floyd's death, says racism must be confronted"}, {"published_date": "2020-07-21", "url": "/article/idUSKCN24N0AL", "headline": "MLB notebook: Altuve, Bregman drilled in Astros' win"}, {"published_date": "2020-07-21", "url": "/article/idUSKCN24N053", "headline": "Melbourne residents ordered to wear masks as Australia coronavirus cases rise"}, {"published_date": "2020-07-21", "url": "/article/idUSL3N2ET06O", "headline": "Melbourne residents ordered to wear masks as Australia coronavirus cases rise"}, {"published_date": "2020-07-21", "url": "/article/idUSKCN24M2UG", "headline": "Leagues continue to embrace protests; Trump ready to tune out"}, {"published_date": "2020-07-21", "url": "/article/idUSL3N2ES4EY", "headline": "REUTERS NEWS SCHEDULE AT 10 p.m. GMT /6:00 a.m. SGT"}, {"published_date": "2020-07-21", "url": "/article/idUSKCN24M2UZ", "headline": "Hamilton disappointed with past champions' comments on racism"}, {"published_date": "2020-07-21", "url": "/article/idUSKCN24M209", "headline": "Fact check: Man did not attack counter-protester with \u201cmetal spikes\u201d"}, {"published_date": "2020-07-21", "url": "/article/idUSKCN24M0S0", "headline": "Baseball: Giants manager Kapler kneels during national anthem at Oakland game"}, {"published_date": "2020-07-21", "url": "/article/idUSKCN24M0CV", "headline": "Giants' Kapler becomes first manager to kneel during anthem"}, {"published_date": "2020-07-20", "url": "/article/idUSKCN24L1UM", "headline": "Whole Foods punishes workers wearing <b>Black</b> <b>Lives</b> <b>Matter</b> face masks: lawsuit"}, {"published_date": "2020-07-20", "url": "/article/idUSL2N2ER0RB", "headline": "UPDATE 2-Whole Foods punishes workers wearing <b>Black</b> <b>Lives</b> <b>Matter</b> face masks -lawsuit"}, {"published_date": "2020-07-20", "url": "/article/idUSL2N2ER0PP", "headline": "Whole Foods disciplines workers wearing <b>Black</b> <b>Lives</b> <b>Matter</b> face masks -lawsuit"}, {"published_date": "2020-07-19", "url": "/article/idUSKCN24K0I0", "headline": "Trump says Confederate flag proud symbol of U.S. South"}, {"published_date": "2020-07-19", "url": "/article/idUSKCN24K0QU", "headline": "Hamilton criticises F1 after 'rushed' anti-racism gesture"}, {"published_date": "2020-07-19", "url": "/article/idUSL2N2EQ04I", "headline": "UPDATE 2-Trump says Confederate flag proud symbol of U.S. South"}, {"published_date": "2020-07-18", "url": "/article/idUSKCN24J0FS", "headline": "In Arizona, school reopening sparks protest movement"}, {"published_date": "2020-07-18", "url": "/article/idUSKBN24J04I", "headline": "U.S. civil rights pioneer, congressman John Lewis dies"}, {"published_date": "2020-07-18", "url": "/article/idUSKBN24J06C", "headline": "John Lewis, U.S. congressman and sharecropper's son, was civil rights hero"}, {"published_date": "2020-07-18", "url": "/article/idUSL2N2EJ0CD", "headline": "In Arizona, school reopening sparks protest movement"}, {"published_date": "2020-07-17", "url": "/article/us-global-race-britain/uk-policeman-suspended-after-video-shows-him-kneeling-on-neck-of-detained-black-man-idUSKCN24I2HN", "headline": "UK policeman suspended after video shows him kneeling on neck of detained <b>Black</b> man"}, {"published_date": "2020-07-17", "url": "/article/idUSKCN24I2MB", "headline": "Dutch king may stop using carriage celebrating colonial past"}, {"published_date": "2020-07-17", "url": "/article/idUSFLMdVzB8", "headline": "Three former FaZe Clan execs launch new venture"}, {"published_date": "2020-07-17", "url": "/article/idUSKCN24I1EJ", "headline": "Special Report: Civil rights icon defied death. Now he and his wife navigate pandemic, protests"}, {"published_date": "2020-07-17", "url": "/article/idUSKCN24I250", "headline": "Fact check: Metal bar hanging from Scottish overpass is not part of an antifa plot"}, {"published_date": "2020-07-17", "url": "/article/idUSKCN24I1S3", "headline": "Lloyds Bank sets target to increase number of senior <b>Black</b> staff"}, {"published_date": "2020-07-17", "url": "/article/idUSL5N2EO3X3", "headline": "Lloyds Bank sets target to increase number of senior <b>Black</b> staff"}, {"published_date": "2020-07-17", "url": "/article/idUSL5N2EO1OZ", "headline": "SPECIAL REPORT-Civil rights icon defied death. Now he and his wife navigate pandemic, protests"}, {"published_date": "2020-07-16", "url": "/article/idUSKCN24H3I4", "headline": "WNBA will not demand Loeffler sell stake in Atlanta Dream"}, {"published_date": "2020-07-16", "url": "/article/idUSKCN24H36C", "headline": "WNBA says it won't push Dream owner Loeffler to sell"}, {"published_date": "2020-07-16", "url": "/article/idUSKCN24H20G", "headline": "Factbox: Greta Thunberg's call for emergency climate action"}, {"published_date": "2020-07-16", "url": "/article/idUSKCN24H1ME", "headline": "'Colour-blind' France avoids gauging COVID impact on ethnic minorities"}, {"published_date": "2020-07-16", "url": "/article/idUSL8N2EH2VV", "headline": "'Colour-blind' France avoids gauging COVID impact on ethnic minorities"}, {"published_date": "2020-07-16", "url": "/article/idUSKCN24H1CG", "headline": "Triple jump champion Taylor supports Games protest option"}, {"published_date": "2020-07-16", "url": "/article/idUSL3N2EN2GQ", "headline": "Olympics-Triple jump champion Taylor supports Games protest option"}, {"published_date": "2020-07-15", "url": "/article/idUSKCN24H0DI", "headline": "Investigative report of Indiana lynching complaint delivered to prosecutors"}, {"published_date": "2020-07-15", "url": "/article/idUSKCN24G0QI", "headline": "Poetic justice? Toppled slaver's statue replaced by one of <b>Black</b> protester in UK"}, {"published_date": "2020-07-15", "url": "/article/idUSKCN24G248", "headline": "Fact check: Photo\u00a0shows protesters tearing down statue in\u00a0Bristol,\u00a0U.K.\u00a0"}, {"published_date": "2020-07-15", "url": "/article/idUSL3N2EK0ZX", "headline": "RPT-THE REUTERS GRAPHIC-The mobilising power of the BTS ARMY"}, {"published_date": "2020-07-15", "url": "/article/idUSKCN24G1TH", "headline": "<b>Living</b> near gas flaring sites may increase risk of preterm birth, study shows"}, {"published_date": "2020-07-15", "url": "/article/idUSL2N2EL1AV", "headline": "<b>Living</b> near gas flaring sites may increase risk of preterm birth -study"}, {"published_date": "2020-07-15", "url": "/article/idUSKCN24F2WQ", "headline": "Trump downplays police violence against <b>Black</b> people, says 'more white people' killed"}, {"published_date": "2020-07-15", "url": "/article/idUSKCN24F2HV", "headline": "Meghan urges girls to drown out online 'noise' with positivity"}, {"published_date": "2020-07-15", "url": "/article/idUSKCN24G0Q0", "headline": "The mobilising power of the BTS ARMY"}, {"published_date": "2020-07-14", "url": "/article/idUSKCN24F302", "headline": "Lawyers to file U.S. civil lawsuit against Minneapolis in Floyd death"}, {"published_date": "2020-07-14", "url": "/article/idUSKCN24F1VL", "headline": "Fact check: False quote attributed to Michael Kors about African Americans\u00a0"}, {"published_date": "2020-07-14", "url": "/article/idUSKCN24F1O8", "headline": "Movie gives Eric Garner's family the trial they never got"}, {"published_date": "2020-07-13", "url": "/article/idUSKCN24E2OY", "headline": "WNBA announces schedule, season to start July 25"}, {"published_date": "2020-07-13", "url": "/article/idUSL5N2EK5AQ", "headline": "UPDATE 1-Basketball-WNBA announces schedule, season to start July 25"}, {"published_date": "2020-07-13", "url": "/article/idUSL5N2EK58V", "headline": "Basketball-WNBA announces schedule, season to start July 25"}, {"published_date": "2020-07-13", "url": "/article/idUSKCN24E0VJ", "headline": "Motor racing: Hamilton wants Ferrari to do more in fight against racism"}, {"published_date": "2020-07-13", "url": "/article/idUSL5N2EK4NZ", "headline": "UPDATE 1-Motor racing-Hamilton wants Ferrari to do more in fight against racism"}, {"published_date": "2020-07-13", "url": "/article/idUSKCN24D0R9", "headline": "Lakers' Davis won't wear social justice message"}, {"published_date": "2020-07-11", "url": "/article/idUSKCN24D009", "headline": "LeBron reveals he won't wear social justice message"}, {"published_date": "2020-07-11", "url": "/article/idUSKCN24C0OD", "headline": "Dream players stand against Loeffler's criticism"}, {"published_date": "2020-07-11", "url": "/article/idUSKCN24C07W", "headline": "Sounders, Earthquakes hold <b>Black</b> <b>Lives</b> <b>Matter</b> display"}, {"published_date": "2020-07-10", "url": "/article/idUSKBN24B2IE", "headline": "White House's Birx urges mask use where COVID-19 rates are rising"}, {"published_date": "2020-07-10", "url": "/article/idUSL1N2EH1D4", "headline": "REFILE-UPDATE 1-White House's Birx urges mask use where COVID-19 rates are rising"}, {"published_date": "2020-07-10", "url": "/article/idUSKBN24B042", "headline": "FBI investigates reported July 4 lynching attempt in Indiana"}, {"published_date": "2020-07-10", "url": "/article/idUSKBN24B18I", "headline": "U.S. civil rights groups protest 'out-of-touch' Justice Department police commission"}, {"published_date": "2020-07-10", "url": "/article/idUSKBN24A1TH", "headline": "Kenyan museum, Mau Mau fighter shed light on British colonial abuses"}, {"published_date": "2020-07-10", "url": "/article/idUSL1N2E300F", "headline": "U.S. civil rights groups protest 'out-of-touch' Justice Department police commission"}, {"published_date": "2020-07-09", "url": "/article/idUSKBN24A37D", "headline": "Trump Tower gold doorstep now reflects New York's <b>Black</b> <b>Lives</b> <b>Matter</b> mural"}, {"published_date": "2020-07-09", "url": "/article/idUSL8N2EG68X", "headline": "UPDATE 1-Kenyan museum, Mau Mau fighter shed light on British colonial abuses"}, {"published_date": "2020-07-09", "url": "/article/idUSKBN24A1LK", "headline": "Severe bread shortages loom for Syria as fresh U.S. sanctions grip"}, {"published_date": "2020-07-09", "url": "/article/idUSKBN24A1AH", "headline": "Special Report: With 'judges judging judges,' rogues on the bench have little to fear"}, {"published_date": "2020-07-09", "url": "/article/idUSL8N2EG0DT", "headline": "INSIGHT-Severe bread shortages loom for Syria as fresh U.S. sanctions grip"}, {"published_date": "2020-07-09", "url": "/article/idUSL8N2EG0K0", "headline": "Kenyan Museum, Mau Mau fighter shed light on British colonial abuses"}, {"published_date": "2020-07-09", "url": "/article/idUSKBN24A0WI", "headline": "Sacred sites blast exposes Australia's laws skewed to mining"}, {"published_date": "2020-07-09", "url": "/article/idUSL4N2DS2B2", "headline": "INSIGHT-Sacred sites blast exposes Australia's laws skewed to mining"}, {"published_date": "2020-07-09", "url": "/article/idUSKBN24A0HV", "headline": "Orlando City beats Inter Miami as MLS returns to action"}, {"published_date": "2020-07-08", "url": "/article/idUSKBN24A02Z", "headline": "Players raise fists, take a knee prior to return match"}, {"published_date": "2020-07-08", "url": "/article/idUSKBN24937W", "headline": "#AskReuters: Why the U.S. protests against police brutality are different this time"}, {"published_date": "2020-07-08", "url": "/article/idUSKBN249335", "headline": "Did events like protests and bar reopenings lead to spikes in COVID-19 cases?"}, {"published_date": "2020-07-08", "url": "/article/idUSL1N2ED274", "headline": "Did events like protests and bar reopenings lead to spikes in COVID-19 cases?"}, {"published_date": "2020-07-08", "url": "/article/idUSKBN2492XQ", "headline": "Fact check: British politician David Lammy did not write an article headlined: \u201cIt will never be okay to be white on our watch\u201d"}, {"published_date": "2020-07-07", "url": "/article/idUSKBN24836A", "headline": "WNBA stands by <b>Black</b> <b>Lives</b> <b>Matter</b> theme, defying Atlanta team's co-owner"}, {"published_date": "2020-07-07", "url": "/article/idUSKBN2482RQ", "headline": "UK police call in watchdog over stop-and-search of two <b>Black</b> athletes"}, {"published_date": "2020-07-07", "url": "/article/idUSKBN248267", "headline": "Aluko wants 30% BAME representation at top levels of UK Sport"}, {"published_date": "2020-07-07", "url": "/article/idUSKBN2480MW", "headline": "Voting amid coronavirus crisis, Singaporeans question need for foreigners"}, {"published_date": "2020-07-07", "url": "/article/idUSKBN2480UI", "headline": "U.S. women's league dedicates season to social justice"}, {"published_date": "2020-07-06", "url": "/article/idUSKBN247321", "headline": "WNBA launches justice movement, allows victim names on jerseys"}, {"published_date": "2020-07-06", "url": "/article/idUSKBN2471SB", "headline": "Trump assails NASCAR's leading <b>Black</b> driver, knocks ban of Confederate flag"}, {"published_date": "2020-07-06", "url": "/article/idUSKBN2472D2", "headline": "No more 'N-word': Scrabble players look to bar racist or homophobic slurs"}, {"published_date": "2020-07-06", "url": "/article/idUSL8N2ED3VU", "headline": "No more 'N-word': Scrabble players look to bar racist or homophobic slurs"}, {"published_date": "2020-07-06", "url": "/article/idUSKBN2470XV", "headline": "Hamilton regrets being 'silenced' on taking a knee in the past"}, {"published_date": "2020-07-05", "url": "/article/idUSL8N2EC0DA", "headline": "UPDATE 2-Motor racing-Hamilton and other F1 drivers take a knee in Austria"}, {"published_date": "2020-07-05", "url": "/article/idUSKBN2450N2", "headline": "Trump repeats vow to defeat 'radical left' in July Fourth speech"}, {"published_date": "2020-07-05", "url": "/article/idUSL8N2EC0D8", "headline": "Motor racing-F1 champion Hamilton takes a knee before Austrian opener"}, {"published_date": "2020-07-05", "url": "/article/idUSKBN24607K", "headline": "Australians widen protests backing <b>Black</b> <b>Lives</b> <b>Matter</b>, indigenous people"}, {"published_date": "2020-07-05", "url": "/article/idUSL4N2EC02B", "headline": "UPDATE 1-Australians widen protests backing <b>Black</b> <b>Lives</b> <b>Matter</b>, indigenous people"}, {"published_date": "2020-07-05", "url": "/article/idUSKCN24509S", "headline": "Thousands rally across Australia in <b>Black</b> <b>Lives</b> <b>Matter</b> protests"}, {"published_date": "2020-07-04", "url": "/article/idUSL1N2EB067", "headline": "UPDATE 2-Trump repeats vow to defeat 'radical left' in July Fourth speech"}, {"published_date": "2020-07-04", "url": "/article/idUSKBN2450QX", "headline": "F1 drivers united against racism, if not taking a knee"}, {"published_date": "2020-07-04", "url": "/article/idUSKBN2450Q1", "headline": "LGBT Pride activists protest in Paris against racial injustice"}, {"published_date": "2020-07-04", "url": "/article/idUSL8N2EB0BN", "headline": "LGBT Pride activists protest in Paris against racial injustice"}, {"published_date": "2020-07-04", "url": "/article/idUSKBN2441D5", "headline": "\u2018<b>Black</b> <b>Lives</b> <b>Matter</b>\u2019 movement stirs Ghanaian artist in COVID-19 limbo"}, {"published_date": "2020-07-04", "url": "/article/idUSL1N2EB02I", "headline": "Washington braces as crowds converge for Trump's July Fourth fireworks, racial protests"}, {"published_date": "2020-07-04", "url": "/article/idUSL3N2EB02I", "headline": "REFILE-Thousands rally across Australia in <b>Black</b> <b>Lives</b> <b>Matter</b> protests"}, {"published_date": "2020-07-03", "url": "/article/idUSKBN2442FD", "headline": "Hamilton makes a statement as F1 gets back on track"}, {"published_date": "2020-07-03", "url": "/article/idUSKBN24416R", "headline": "Copenhagen's Little Mermaid labelled \"racist fish\""}, {"published_date": "2020-07-03", "url": "/article/idUSKBN24334J", "headline": "Boeing communications chief resigns over decades-old article on women in combat"}, {"published_date": "2020-07-03", "url": "/article/idUSL1N2E921N", "headline": "REFILE-UPDATE 4-Boeing communications chief resigns over decades-old article on women in combat"}, {"published_date": "2020-07-03", "url": "/article/idUSKBN2440PX", "headline": "Tennis: American Gauff can improve the world, says Navratilova"}, {"published_date": "2020-07-02", "url": "/article/idUSKBN2433CG", "headline": "Facebook hit with complaint alleging widespread bias against <b>Black</b> workers"}, {"published_date": "2020-07-02", "url": "/article/idUSL1N2E92N5", "headline": "Facebook hit with complaint alleging widespread bias against <b>Black</b> workers"}, {"published_date": "2020-07-02", "url": "/article/idUSKBN2432QS", "headline": "S.African man dragged naked from shack sparks legal action against evictions"}, {"published_date": "2020-07-02", "url": "/article/idUSKBN2431LM", "headline": "Motor racing: Hamilton expects drivers to stand united against racism"}, {"published_date": "2020-07-02", "url": "/article/idUSL8N2E93YN", "headline": "S.African man dragged naked from shack sparks legal action against evictions"}, {"published_date": "2020-07-02", "url": "/article/idUSKBN2432JI", "headline": "Fact check: Man shown being attacked in St. Louis was not part of group of praying Catholics"}, {"published_date": "2020-07-02", "url": "/article/idUSKBN2431PO", "headline": "Fact check: Jimi Hendrix photo does not show graffiti connected to <b>Black</b> <b>Lives</b> <b>Matters</b>"}, {"published_date": "2020-07-02", "url": "/article/idUSKBN2431JY", "headline": "The heat's on Corporate America to reveal racial diversity data"}, {"published_date": "2020-07-02", "url": "/article/idUSL8N2E721B", "headline": "INSIGHT-The heat's on Corporate America to reveal racial diversity data"}, {"published_date": "2020-07-02", "url": "/article/idUSKBN24312H", "headline": "Man arrested over toppling of statue English slave trader"}, {"published_date": "2020-07-01", "url": "/article/idUSKBN24276C", "headline": "'No more rainbow capitalism' as protests shine light on <b>Black</b> trans <b>lives</b>"}, {"published_date": "2020-07-01", "url": "/article/idUSKBN2425YW", "headline": "Seattle police clear protest zone after flares of violence"}, {"published_date": "2020-07-01", "url": "/article/idUSL8N2E862N", "headline": "Soccer-Fans break distancing rules at Bulgarian Cup final"}, {"published_date": "2020-07-01", "url": "/article/idUSL1N2E81MT", "headline": "'No more rainbow capitalism' as protests shine light on <b>Black</b> trans <b>lives</b>"}, {"published_date": "2020-07-01", "url": "/article/idUSKBN242744", "headline": "Who owns the street? Seattle protest zone sparks property rights debate"}, {"published_date": "2020-07-01", "url": "/article/idUSKBN24252N", "headline": "Universal Declaration of Human Rights inspires musical work, 'Voices'"}, {"published_date": "2020-07-01", "url": "/article/idUSL1N2E80T9", "headline": "UPDATE 4-Seattle police clear protest zone after flares of violence"}, {"published_date": "2020-07-01", "url": "/article/idUSKBN2425T7", "headline": "Greenland's youth question colonial past in wake of <b>Black</b> <b>Lives</b> <b>Matter</b>"}, {"published_date": "2020-07-01", "url": "/article/idUSKBN2411GF", "headline": "Hickenlooper wins Democratic primary for key U.S. Senate seat in Colorado"}, {"published_date": "2020-07-01", "url": "/article/idUSL8N2E650M", "headline": "Greenland's youth question colonial past in wake of <b>Black</b> <b>Lives</b> <b>Matter</b>"}, {"published_date": "2020-07-01", "url": "/article/idUSKBN24252N", "headline": "Universal Declaration of Human Rights inspires musical work, 'Voices'"}, {"published_date": "2020-07-01", "url": "/article/idUSL1N2E80T9", "headline": "UPDATE 4-Seattle police clear protest zone after flares of violence"}, {"published_date": "2020-07-01", "url": "/article/idUSKBN2425T7", "headline": "Greenland's youth question colonial past in wake of <b>Black</b> <b>Lives</b> <b>Matter</b>"}, {"published_date": "2020-07-01", "url": "/article/idUSKBN2411GF", "headline": "Hickenlooper wins Democratic primary for key U.S. Senate seat in Colorado"}, {"published_date": "2020-07-01", "url": "/article/idUSL8N2E650M", "headline": "Greenland's youth question colonial past in wake of <b>Black</b> <b>Lives</b> <b>Matter</b>"}, {"published_date": "2020-07-01", "url": "/article/idUSL8N2E75QX", "headline": "Universal Declaration of Human Rights inspires musical work, 'Voices'"}, {"published_date": "2020-07-01", "url": "/article/idUSKBN2413H4", "headline": "Hopes fade for reform of massive U.S. criminal justice system"}, {"published_date": "2020-06-30", "url": "/article/idUSKBN2423YC", "headline": "Report: NBPA unlikely to use victims' names on jerseys"}, {"published_date": "2020-06-30", "url": "/article/idUSKBN2413R5", "headline": "Cuba prevents protest over police killing of <b>Black</b> man"}, {"published_date": "2020-06-30", "url": "/article/idUSKBN2411EO", "headline": "LinkedIn users ditch polite networking for real talk on U.S. race and inequity"}, {"published_date": "2020-06-30", "url": "/article/idUSL1N2E61I0", "headline": "CORRECTED-LinkedIn users ditch polite networking for real talk on U.S. race and inequity"}, {"published_date": "2020-06-30", "url": "/article/idUSKBN2413FQ", "headline": "A picture and its story: U.S. couple waves guns at anti-racism protesters"}, {"published_date": "2020-06-30", "url": "/article/idUSKBN2413HG", "headline": "Premier League says support for <b>Black</b> <b>Lives</b> <b>Matter</b> not political"}, {"published_date": "2020-06-30", "url": "/article/idUSKBN2411WG", "headline": "Special Report: Thousands of U.S. judges who broke laws, oaths remained on the bench"}, {"published_date": "2020-06-30", "url": "/article/idUSKBN2410XJ", "headline": "Players can stay in locker rooms during anthem: U.S. women's soccer league"}, {"published_date": "2020-06-30", "url": "/article/idUSL4N2E721P", "headline": "Soccer-Players can stay in locker rooms during anthem: US women's league"}, {"published_date": "2020-06-29", "url": "/article/idUSKBN2410BN", "headline": "Nigeria's slave descendants hope race protests help end discrimination"}, {"published_date": "2020-06-29", "url": "/article/idUSL5N2E50I8", "headline": "FEATURE -Nigeria's slave descendants hope race protests help end discrimination"}, {"published_date": "2020-06-29", "url": "/article/idUSKBN241034", "headline": "Report: NBA to paint '<b>Black</b> <b>Lives</b> <b>Matter</b>' on Disney courts"}, {"published_date": "2020-06-29", "url": "/article/idUSL4N2E7073", "headline": "The Weeknd Donates $1 Million to MusiCares' and His Hometown's Coronavirus Relief"}, {"published_date": "2020-06-29", "url": "/article/idUSKBN2400A5", "headline": "<b>Black</b> <b>lives</b> celebrated and mourned at emotional BET Awards"}, {"published_date": "2020-06-29", "url": "/article/idUSKBN2401GF", "headline": "Motor racing: Mercedes to use <b>black</b> cars in stand against racism"}, {"published_date": "2020-06-29", "url": "/article/idUSKBN2402LC", "headline": "Grizzlies' Morant apologizes after anti-police post"}, {"published_date": "2020-07-01", "url": "/article/idUSKBN2401BP", "headline": "Naomi Campbell sees <b>Black</b> <b>Lives</b> <b>Matter</b> altering fashion and beauty industries"}, {"published_date": "2020-06-29", "url": "/article/idUSL5N2E403S", "headline": "Naomi Campbell sees <b>Black</b> <b>Lives</b> <b>Matter</b> altering fashion and beauty industries"}, {"published_date": "2020-06-28", "url": "/article/idUSKBN23Z0F8", "headline": "Pandemic curtails most U.S. Pride events, but some march on"}, {"published_date": "2020-06-28", "url": "/article/idUSL5N2E50B9", "headline": "REFILE-UPDATE 2-Pandemic curtails most U.S. Pride events, but some march on"}, {"published_date": "2020-06-28", "url": "/article/idUSL1N2E32OS", "headline": "<b>Black</b> <b>lives</b> celebrated and mourned at emotional BET Awards"}, {"published_date": "2020-06-28", "url": "/article/idUSKBN23Z0I9", "headline": "Trump retweets, then deletes, video of supporter shouting 'white power'"}, {"published_date": "2020-06-28", "url": "/article/idUSL2N2E506L", "headline": "Soccer-Rio protest highlights football's troubled return in Brazil"}, {"published_date": "2020-06-28", "url": "/article/idUSKBN23Z05I", "headline": "Olympics: Carlos leads U.S. call for scrapping of protest ban"}, {"published_date": "2020-06-27", "url": "/article/idUSL3N2E501G", "headline": "Olympics-Carlos leads U.S. call for scrapping of protest ban"}, {"published_date": "2020-06-27", "url": "/article/idUSKBN23Y0SB", "headline": "NWSL players take a knee during national anthem as Courage prevail"}, {"published_date": "2020-06-27", "url": "/article/idUSKBN23Y0X5", "headline": "LGBT+ marches from London to New York call for end to racism"}, {"published_date": "2020-06-27", "url": "/article/idUSL8N2E40EN", "headline": "LGBT+ marches from London to New York call for end to racism"}, {"published_date": "2020-06-26", "url": "/article/idUSKBN23X2BW", "headline": "Trump says he is staying in Washington to protect law and order"}, {"published_date": "2020-06-26", "url": "/article/idUSKBN23X2LX", "headline": "Motor racing: Hamilton condemns Ecclestone's 'ignorant' racism comments"}, {"published_date": "2020-06-26", "url": "/article/idUSKBN23X2MW", "headline": "Georgia governor signs state hate crimes bill into law"}, {"published_date": "2020-06-26", "url": "/article/idUSL1N2E31HB", "headline": "UPDATE 1-Georgia governor signs state hate crimes bill into law"}, {"published_date": "2020-06-26", "url": "/article/idUSKBN23X2KX", "headline": "New York's Stonewall Inn seeks help to fight closure after lockdown"}, {"published_date": "2020-06-26", "url": "/article/idUSL8N2E33Z1", "headline": "REFILE-New York's Stonewall Inn seeks help to fight closure after lockdown"}, {"published_date": "2020-06-26", "url": "/article/idUSKBN23X20P", "headline": "LGBT+ Pride marches return to radical roots to support <b>Black</b> <b>Lives</b> <b>Matter</b>"}, {"published_date": "2020-06-26", "url": "/article/idUSL8N2E335D", "headline": "LGBT+ Pride marches return to radical roots to support <b>Black</b> <b>Lives</b> <b>Matter</b>"}, {"published_date": "2020-06-26", "url": "/article/idUSKBN23X1T2", "headline": "PM Johnson says Britain must break down barriers for <b>Black</b> people"}, {"published_date": "2020-06-26", "url": "/article/idUSL8N2E33J0", "headline": "PM Johnson says Britain must break down barriers for <b>Black</b> people"}, {"published_date": "2020-06-26", "url": "/article/idUSKBN23X0QD", "headline": "London police to crackdown on illegal parties as officers attacked again"}, {"published_date": "2020-06-26", "url": "/article/idUSL8N2E30Y7", "headline": "UPDATE 2-London police to crackdown on illegal parties as officers attacked again"}, {"published_date": "2020-06-26", "url": "/article/idUSKBN23X0HO", "headline": "In China's 'Little Africa,' a struggle to get back to business after lockdown"}, {"published_date": "2020-06-26", "url": "/article/idUSL4N2E11L7", "headline": "CORRECTED-In China's 'Little Africa,' a struggle to get back to business after lockdown"}, {"published_date": "2020-06-25", "url": "/article/idUSKBN23W1NG", "headline": "U.S. public more aware of racial inequality but still rejects reparations: Reuters/Ipsos polling"}, {"published_date": "2020-06-25", "url": "/article/idUSKBN23W30S", "headline": "Victims and villains: anti-trafficking movement urged to tackle racial bias"}, {"published_date": "2020-06-25", "url": "/article/idUSKBN23W2SZ", "headline": "Unilever faces calls to pull skin lightening products in South Asia"}, {"published_date": "2020-06-25", "url": "/article/idUSKBN23W2MH", "headline": "Fact check:\u202fAfirmaciones falsas sobre George Soros\u202f\u202f"}, {"published_date": "2020-06-25", "url": "/article/idUSKBN23W19Q", "headline": "Reform, not revolution, is path to <b>Black</b> equality, says UK activist"}, {"published_date": "2020-06-25", "url": "/article/idUSL8N2E245J", "headline": "Unilever faces calls to pull skin lightening products in South Asia"}, {"published_date": "2020-06-25", "url": "/article/idUSKBN23W0W9", "headline": "Unilever's 'Fair & Lovely' to get makeover after backlash"}, {"published_date": "2020-06-25", "url": "/article/idUSL4N2E21IB", "headline": "UPDATE 3-Unilever's 'Fair & Lovely' to get makeover after backlash"}, {"published_date": "2020-06-25", "url": "/article/idUSKBN23W1TU", "headline": "Fact check: Mugshot compilation does not show people who defaced statues in London"}, {"published_date": "2020-06-25", "url": "/article/idUSL1N2DW1IX", "headline": "U.S. public more aware of racial inequality but still rejects reparations -Reuters/Ipsos polling"}, {"published_date": "2020-06-25", "url": "/article/idUSKBN23W1HC", "headline": "Amid U.S. reckoning on race, <b>Black</b> candidates harness voters' fervor for change"}, {"published_date": "2020-06-25", "url": "/article/idUSL8N2E14YL", "headline": "Reform, not revolution, is path to <b>Black</b> equality, says UK activist"}, {"published_date": "2020-06-25", "url": "/article/idUSL4N2E12AT", "headline": "Unilever, rivals mull changes amid global backlash against skin-lightening products"}, {"published_date": "2020-06-25", "url": "/article/idUSKBN23V2IR", "headline": "Unarmed National Guard activated and on standby to help protect D.C. monuments"}, {"published_date": "2020-06-24", "url": "/article/idUSKBN23W00F", "headline": "Canada confronts racism in police in wake of indigenous deaths"}, {"published_date": "2020-06-24", "url": "/article/idUSKBN23V2MV", "headline": "AOC and other liberals, minorities gain in U.S. congressional primary races"}, {"published_date": "2020-06-24", "url": "/article/idUSKBN23V2UO", "headline": "Calls for reparations gain steam as U.S. reckons with racial injustice"}, {"published_date": "2020-06-24", "url": "/article/idUSKBN23V2TG", "headline": "Soccer: Premier League launches reporting system for online abuse"}, {"published_date": "2020-06-24", "url": "/article/idUSKBN23T1XZ", "headline": "One <b>Black</b> Frenchman's quest for justice against police brutality"}, {"published_date": "2020-06-24", "url": "/article/idUSKBN23V04Y", "headline": "Walmart to stop Mississippi flag display; reviews third party sales on Canada website"}, {"published_date": "2020-06-24", "url": "/article/idUSKBN23U3BT", "headline": "Justice Department says no federal crime committed in NASCAR noose case"}, {"published_date": "2020-06-24", "url": "/article/idUSKBN23U1FU", "headline": "<b>Black</b> challenger Bowman leads in bid to oust veteran congressman Engel in U.S. primaries"}, {"published_date": "2020-06-24", "url": "/article/idUSKBN23V0MB", "headline": "Rugby Football Union chief Sweeney says no longer sings 'Swing Low, Sweet Chariot'"}, {"published_date": "2020-06-24", "url": "/article/idUSKBN23V0K5", "headline": "Support for '<b>Black</b> <b>Lives</b> <b>Matter</b>' a good sign: Wolves' Santo"}, {"published_date": "2020-06-24", "url": "/article/idUSL1N2E106A", "headline": "UPDATE 1-Walmart to stop Mississippi flag display; reviews third party sales on Canada website"}, {"published_date": "2020-06-24", "url": "/article/idUSKBN23V0FC", "headline": "Taiwan's Chiang Kai-shek statues draw curious crowds - and controversy"}, {"published_date": "2020-06-23", "url": "/article/idUSKBN23U3BN", "headline": "Wall Street likely to cut bonuses 15-20%, make significant layoffs: report"}, {"published_date": "2020-06-23", "url": "/article/idUSKBN23U1O7", "headline": "Trump takes hard line on U.S. monuments, threatens force against protesters"}, {"published_date": "2020-06-23", "url": "/article/idUSKBN23U38K", "headline": "<b>Black</b> artists call on Hollywood to prove <b>Black</b> <b>Lives</b> <b>Matter</b>"}, {"published_date": "2020-06-23", "url": "/article/idUSL1N2E02IO", "headline": "UPDATE 1-Wall Street likely to cut bonuses 15-20%, make significant layoffs -report"}, {"published_date": "2020-06-23", "url": "/article/idUSL1N2E020O", "headline": "<b>Black</b> artists call on Hollywood to prove <b>Black</b> <b>Lives</b> <b>Matter</b>"}, {"published_date": "2020-06-23", "url": "/article/idUSKBN23Q2V1", "headline": "Louisville police chief takes step to fire officer in Breonna Taylor shooting"}, {"published_date": "2020-06-23", "url": "/article/idUSKBN23U37E", "headline": "Louisville police chief takes step to fire officer in Breonna Taylor shooting"}, {"published_date": "2020-06-23", "url": "/article/idUSL1N2E01PY", "headline": "Wall Street likely to cut bonuses 15-20%, make significant layoffs -report"}, {"published_date": "2020-06-23", "url": "/article/idUSL8N2E05E5", "headline": "UPDATE 1-Soccer-Airport suspends banner towing after 'White <b>Lives</b> <b>Matter</b>' incident"}, {"published_date": "2020-06-23", "url": "/article/idUSL4N2E03IK", "headline": "Soccer-Airport suspends banner towing after 'White <b>Lives</b> <b>Matter</b>' incident"}, {"published_date": "2020-06-23", "url": "/article/idUSKBN23T241", "headline": "Toppling of statues in West prompts reflection in Russia, Ukraine over Soviet monuments"}, {"published_date": "2020-06-23", "url": "/article/idUSKBN23U1X5", "headline": "Fact check: A member of the Queen\u2019s Guard did not punch a <b>black</b> man to the ground"}, {"published_date": "2020-06-23", "url": "/article/idUSKBN23U07F", "headline": "<b>Black</b> Arab women tackle racist beauty ideals and stereotypes"}, {"published_date": "2020-06-23", "url": "/article/idUSL8N2E02KL", "headline": "UPDATE 1-FEATURE-<b>Black</b> Arab women tackle racist beauty ideals and stereotypes"}, {"published_date": "2020-06-23", "url": "/article/idUSKBN23T2BS", "headline": "Greenland statue attacked as <b>Black</b> <b>Lives</b> <b>Matter</b> protest reaches the Arctic"}, {"published_date": "2020-06-23", "url": "/article/idUSKBN23U0WG", "headline": "Global K-pop fans emerge as political force, but some in South Korea worry"}, {"published_date": "2020-06-23", "url": "/article/idUSL4N2DZ20J", "headline": "REFILE-Global K-pop fans emerge as political force, but some in S.Korea worry"}, {"published_date": "2020-06-22", "url": "/article/idUSKBN23U0BM", "headline": "'White <b>Lives</b> <b>Matter</b>' banner disheartening, says Richards"}, {"published_date": "2020-06-22", "url": "/article/idUSL8N2DY0B6", "headline": "FEATURE-<b>Black</b> Arab women tackle racist beauty ideals and stereotypes"}, {"published_date": "2020-06-22", "url": "/article/idUSKBN23U03A", "headline": "Motor racing: Blaney and Wallace both claim victory at Talladega"}, {"published_date": "2020-06-22", "url": "/article/idUSKBN23T1IN", "headline": "Public honors Rayshard Brooks in Atlanta after fatal police shooting"}, {"published_date": "2020-06-22", "url": "/article/idUSKBN23T2IF", "headline": "NASCAR steps up security around Wallace after noose found in garage"}, {"published_date": "2020-06-22", "url": "/article/idUSKBN23T2DW", "headline": "Fact check: Knife attack in Reading did not happen during the <b>Black</b> <b>Lives</b> <b>Matter</b> protest"}, {"published_date": "2020-06-22", "url": "/article/idUSL4N2DZ3B7", "headline": "Motor racing-Formula One to launch diversity task force"}, {"published_date": "2020-06-22", "url": "/article/idUSL8N2DZ38L", "headline": "Toppling of statues in West prompts reflection in Russia, Ukraine over Soviet monuments"}, {"published_date": "2020-06-21", "url": "/article/idUSKBN23S0A1", "headline": "Britain labels stabbing 'atrocity' in town park as terrorism"}, {"published_date": "2020-06-21", "url": "/article/idUSKBN23S0MW", "headline": "Top Canada university official quits after liking anti-<b>Black</b> <b>Lives</b> <b>Matter</b> tweets"}, {"published_date": "2020-06-21", "url": "/article/idUSKBN23R0G5", "headline": "Trump slams protests, defends pandemic response as Tulsa crowd underwhelms"}, {"published_date": "2020-06-21", "url": "/article/idUSL1N2DY043", "headline": "TikTok users, K-pop fans credited with helping to sabotage Trump rally"}, {"published_date": "2020-06-21", "url": "/article/idUSL9N27H01W", "headline": "British police say Reading stabbing attack treated as terrorist act"}, {"published_date": "2020-06-20", "url": "/article/idUSL1N2DX05N", "headline": "UPDATE 7-Trump slams protests, defends pandemic response as Tulsa crowd underwhelms"}, {"published_date": "2020-06-20", "url": "/article/idUSKBN23R0U9", "headline": "Three killed after man goes on stabbing spree in British town's park, police say"}, {"published_date": "2020-06-20", "url": "/article/idUSL8N2DX0K9", "headline": "UPDATE 11-Three killed after man goes on stabbing spree in British town's park, police say"}, {"published_date": "2020-06-20", "url": "/article/idUSKBN23R0GK", "headline": "North Carolina governor orders Confederate statues moved after several toppled"}, {"published_date": "2020-06-20", "url": "/article/idUSKBN23R0KF", "headline": "Leader of London BLM protests demands meeting with Johnson"}, {"published_date": "2020-06-20", "url": "/article/idUSL8N2DX0JD", "headline": "UPDATE 2-Soccer-Belotti misses penalty in Torino draw as Serie A returns"}, {"published_date": "2020-06-20", "url": "/article/idUSL1N2DX06Q", "headline": "Several people stabbed in English town of Reading - reports"}, {"published_date": "2020-06-20", "url": "/article/idUSL8N2DX0J6", "headline": "Soccer-Belotti misses penalty in Torino draw as Serie A returns"}, {"published_date": "2020-06-20", "url": "/article/idUSL8N2DX0FJ", "headline": "UPDATE 1-Leader of London BLM protests demands meeting with Johnson"}, {"published_date": "2020-06-20", "url": "/article/idUSL8N2DX09T", "headline": "Leader of London BLM protests demands meeting with Johnson"}, {"published_date": "2020-06-20", "url": "/article/idUSKBN23Q1EU", "headline": "'Civil rights isn't over': Americans mark Juneteenth coast to coast"}, {"published_date": "2020-06-19", "url": "/article/idUSKBN23Q397", "headline": "Dream's Montgomery to skip WNBA season to focus on social reform"}, {"published_date": "2020-06-19", "url": "/article/us-minneapolis-police-tulsa/for-black-tulsans-trumps-visit-evokes-painful-legacy-of-1921-massacre-idUSKBN23Q2Q1", "headline": "For <b>Black</b> Tulsans, Trump's visit evokes painful legacy of 1921 massacre"}, {"published_date": "2020-06-19", "url": "/article/idUSKBN23Q2GE", "headline": "U.N. sets up inquiry into racism after George Floyd death"}, {"published_date": "2020-06-19", "url": "/article/idUSL4N2DW3BM", "headline": "US STOCKS-S&P 500, Dow slip as Apple store closures spark economy revival worries"}, {"published_date": "2020-06-19", "url": "/article/idUSKBN23O2BS", "headline": "Fact check: First slaves in North American colonies were not \u201c100 white children from Ireland\u201d"}, {"published_date": "2020-06-19", "url": "/article/idUSKBN23Q2LP", "headline": "Fact check: Viral video shows protesters looting jewelry store in New York, not London"}, {"published_date": "2020-06-19", "url": "/article/idUSKBN23Q2JS", "headline": "Spat on and abused: Coronavirus fuels racism against India's northeasterners"}, {"published_date": "2020-06-19", "url": "/article/idUSL8N2DU08D", "headline": "FEATURE-Spat on and abused: Coronavirus fuels racism against India's northeasterners"}, {"published_date": "2020-06-19", "url": "/article/idUSKBN23Q26Z", "headline": "Italy anti-racism activists deface statue, alter street name"}, {"published_date": "2020-06-19", "url": "/article/idUSKBN23Q221", "headline": "Soccer player puts spotlight on plight of migrant fruit pickers in Spain"}, {"published_date": "2020-06-19", "url": "/article/idUSL8N2DV56K", "headline": "Soccer player puts spotlight on plight of migrant fruit pickers in Spain"}, {"published_date": "2020-06-19", "url": "/article/idUSKBN23Q0V7", "headline": "Former U.S. coach Arena says national anthem in pro leagues is 'inappropriate'"}, {"published_date": "2020-06-18", "url": "/article/idUSKBN23P1LB", "headline": "Months before election, Trump finds himself at odds with most Americans' views"}, {"published_date": "2020-06-18", "url": "/article/idUSL4N2DV560", "headline": "Rio Tinto launches internal review after sacred caves blast"}, {"published_date": "2020-06-18", "url": "/article/idUSKBN23P1V1", "headline": "'Taking the knee' seems to be from Game of Thrones: UK foreign minister"}, {"published_date": "2020-06-18", "url": "/article/idUSKBN23O3AP", "headline": "Oxford college says it wants to remove statue of colonialist Rhodes"}, {"published_date": "2020-06-18", "url": "/article/idUSKBN23P1ER", "headline": "Brussels adds George Floyd memorial to large mural collection"}, {"published_date": "2020-06-18", "url": "/article/idUSL1N2DU1YQ", "headline": "ANALYSIS-Months before election, Trump finds himself at odds with most Americans' views"}, {"published_date": "2020-06-18", "url": "/article/idUSKBN23O30J", "headline": "Soccer: Players take a knee as Premier League restarts"}, {"published_date": "2020-06-18", "url": "/article/idUSKBN23O29D", "headline": "Trump administration proposes rolling back protections for big tech"}, {"published_date": "2020-06-17", "url": "/article/idUSKBN23O1LK", "headline": "Brother of George Floyd urges U.N. probe into U.S. racism, violence"}, {"published_date": "2020-06-17", "url": "/article/idUSL1N2DU0VR", "headline": "UPDATE 5-Trump administration proposes rolling back protections for big tech"}, {"published_date": "2020-06-17", "url": "/article/idUSKBN23O3JI", "headline": "Johnson, Macron to honour French Resistance fighters in London"}, {"published_date": "2020-06-17", "url": "/article/idUSL8N2DU5VH", "headline": "Johnson, Macron to honour French Resistance fighters in London"}, {"published_date": "2020-06-17", "url": "/article/idUSKBN23O339", "headline": "Britain removes protection from Churchill statue for Macron visit"}, {"published_date": "2020-06-17", "url": "/article/idUSL8N2DU638", "headline": "UPDATE 2-Soccer-Sheffield United denied by tech error in 0-0 draw with Villa"}, {"published_date": "2020-06-17", "url": "/article/idUSL8N2DU2O2", "headline": "UPDATE 3-Brother of George Floyd urges U.N. probe into U.S. racism, violence"}, {"published_date": "2020-06-17", "url": "/article/idUSL8N2DU61S", "headline": "Soccer-Villa and Sheffield United draw 0-0 on Premier League return"}, {"published_date": "2020-06-17", "url": "/article/idUSKBN23O2LL", "headline": "Iowa governor pledges to restore voting rights to some felons"}, {"published_date": "2020-06-17", "url": "/article/idUSKBN23O23F", "headline": "Dalit killings in Nepal spark outrage over caste discrimination"}, {"published_date": "2020-06-17", "url": "/article/idUSKBN23O1SS", "headline": "More work to be done to tackle discrimination, says PM Johnson"}, {"published_date": "2020-06-17", "url": "/article/idUSS8N2D4057", "headline": "More work to be done to tackle discrimination, says UK PM Johnson"}, {"published_date": "2020-06-17", "url": "/article/idUSKBN23N2TZ", "headline": "Indonesian court finds seven Papuan men guilty of treason"}, {"published_date": "2020-06-17", "url": "/article/idUSKBN23O1AZ", "headline": "Global Pride event to unite groups after canceled parades"}, {"published_date": "2020-06-17", "url": "/article/idUSL8N2DT50K", "headline": "Global Pride event to unite groups after cancelled parades"}, {"published_date": "2020-06-16", "url": "/article/idUSL4N2DU0CW", "headline": "PRESS DIGEST- Financial Times - June 17"}, {"published_date": "2020-06-16", "url": "/article/idUSKBN23N3DV", "headline": "Silver: NBA will address player concerns before return"}, {"published_date": "2020-06-16", "url": "/article/idUSL4N2DT4CR", "headline": "Soccer-Guardiola backs Rashford and Sterling against 'stupid' critics"}, {"published_date": "2020-06-16", "url": "/article/idUSKBN23N35M", "headline": "Fact check: El monumento a Lincoln de Washington D.C. no ha sido objeto de pintadas ni actos vand\u00e1licos"}, {"published_date": "2020-06-16", "url": "/article/idUSKBN23N2QQ", "headline": "<b>Black</b> <b>Lives</b> <b>Matter</b> protester in Denmark was infected with coronavirus, health minister says"}, {"published_date": "2020-06-16", "url": "/article/idUSKBN23N2P6", "headline": "Factbox: What changes are companies making in response to George Floyd protests?"}, {"published_date": "2020-06-16", "url": "/article/idUSC7N2B201F", "headline": "<b>Black</b> <b>Lives</b> <b>Matter</b> protester in Denmark was infected with coronavirus, health minister says"}, {"published_date": "2020-06-16", "url": "/article/idUSKBN23N2EB", "headline": "Liberal groups warn Biden: Do more on policing reform or risk losing <b>black</b> support"}, {"published_date": "2020-06-16", "url": "/article/idUSKBN23N1XZ", "headline": "Premier League CEO backs '<b>Black</b> <b>Lives</b> <b>Matter</b>' on team shirts"}, {"published_date": "2020-06-16", "url": "/article/idUSKBN23N0K7", "headline": "Escalating intimidation, threats, ahead of high-profile treason verdict, Indonesian rights groups say"}, {"published_date": "2020-06-16", "url": "/article/idUSKBN23N0IU", "headline": "Report: NBPA discusses playing amid <b>Black</b> <b>Lives</b> <b>Matter</b> movement"}, {"published_date": "2020-06-15", "url": "/article/idUSKBN23M2Y3", "headline": "Two former Pinterest policy employees say they faced racism at work"}, {"published_date": "2020-06-15", "url": "/article/idUSKBN23N014", "headline": "Washington, D.C. residents latest in U.S. to call for slashing police funds"}, {"published_date": "2020-06-15", "url": "/article/idUSKBN23M314", "headline": "Raymond James fires employee who confronted <b>Black</b> <b>Lives</b> <b>Matter</b> demonstrator"}, {"published_date": "2020-06-15", "url": "/article/idUSL4N2DS48N", "headline": "Raymond James fires employee who confronted <b>Black</b> <b>Lives</b> <b>Matter</b> demonstrator"}, {"published_date": "2020-06-15", "url": "/article/idUSKBN23M1TR", "headline": "For <b>black</b> people in France, George Floyd protests are personal"}, {"published_date": "2020-06-15", "url": "/article/idUSL1N2DS16W", "headline": "Two former Pinterest policy employees say they faced racism at work"}, {"published_date": "2020-06-15", "url": "/article/idUSKBN23M2DI", "headline": "Fact check: British protesters did not call for the destruction of Giza Pyramids"}, {"published_date": "2020-06-15", "url": "/article/idUSKBN23M28V", "headline": "'<b>Black</b> <b>Lives</b> <b>Matter</b>' banner removed at U.S. embassy in South Korea after Trump displeased: sources"}, {"published_date": "2020-06-15", "url": "/article/idUSKBN23K0S9", "headline": "Factbox: What changes are companies making in response to George Floyd protests?"}, {"published_date": "2020-06-15", "url": "/article/idUSKBN23L0T6", "headline": "Calls for action, not words, as Johnson launches UK racism commission"}, {"published_date": "2020-06-15", "url": "/article/idUSL8N2DS0W5", "headline": "UPDATE 3-Calls for action, not words, as Johnson launches UK racism commission"}, {"published_date": "2020-06-15", "url": "/article/idUSS8N2DM05V", "headline": "UK PM's spokesman praises <b>black</b> protester who carried injured white man"}, {"published_date": "2020-06-15", "url": "/article/idUSL4N2DS24G", "headline": "Australian Rules-Carlton forward Betts calls out online racism"}, {"published_date": "2020-06-14", "url": "/article/idUSKBN23L0O9", "headline": "Anti-racism protest signs, murals destined for U.S. Smithsonian"}, {"published_date": "2020-06-14", "url": "/article/idUSKBN23L0DA", "headline": "Trump says he won't watch NFL, U.S. soccer if players kneel during anthem"}, {"published_date": "2020-06-14", "url": "/article/idUSL8N2DR0NH", "headline": "Britain's Johnson to launch cross-government commission on racism"}, {"published_date": "2020-06-14", "url": "/article/idUSKBN23L03O", "headline": "Hong Kong riot cop rebuked for chanting '<b>black</b> <b>lives</b> <b>matter</b>'"}, {"published_date": "2020-06-14", "url": "/article/idUSKBN23L0FZ", "headline": "<b>Black</b> <b>Lives</b> <b>Matter</b> protesters march through Tokyo"}, {"published_date": "2020-06-14", "url": "/article/idUSKBN23K0BT", "headline": "Johnson condemns 'thuggery' after far-right protests in London"}, {"published_date": "2020-06-14", "url": "/article/idUSKBN23L05P", "headline": "U.S. embassy in Seoul displays <b>Black</b> <b>Lives</b> <b>Matter</b> banner in support of anti-racism protests"}, {"published_date": "2020-06-14", "url": "/article/idUSKBN23L03E", "headline": "Australian police arrest two after Captain Cook statue defaced"}, {"published_date": "2020-06-13", "url": "/article/idUSKBN23K0WE", "headline": "Grizzlies' Morant asks judge to remove Confederate statue"}, {"published_date": "2020-06-13", "url": "/article/idUSKBN23K0QI", "headline": "In London skirmishes, suspected far-right protester is rescued"}, {"published_date": "2020-06-13", "url": "/article/idUSL8N2DQ08N", "headline": "UPDATE 6-Johnson condemns 'thuggery' after far-right protests in London"}, {"published_date": "2020-06-13", "url": "/article/idUSKBN23K0S7", "headline": "More than 10,000 march in Zurich against racism"}, {"published_date": "2020-06-13", "url": "/article/idUSL8N2DQ0IS", "headline": "UPDATE 1-In London skirmishes, suspected far-right protester is rescued"}, {"published_date": "2020-06-13", "url": "/article/idUSKBN23K0PJ", "headline": "Rival groups and police clash at London's Waterloo station"}, {"published_date": "2020-06-13", "url": "/article/idUSL8N2DQ0G6", "headline": "Rival groups and police clash at London's Waterloo station"}, {"published_date": "2020-06-13", "url": "/article/idUSL8N2DQ0A4", "headline": "Far-right protesters and police scuffle in London's Trafalgar Square"}, {"published_date": "2020-06-13", "url": "/article/idUSKBN23K0DC", "headline": "Thousands attend <b>Black</b> <b>Lives</b> <b>Matter</b> protests across Australia"}, {"published_date": "2020-06-13", "url": "/article/idUSKBN23K0CE", "headline": "Taiwan <b>Black</b> <b>Lives</b> <b>Matter</b> protest gets indigenous twist"}, {"published_date": "2020-06-13", "url": "/article/idUSL4N2DQ05G", "headline": "Taiwan <b>Black</b> <b>Lives</b> <b>Matter</b> protest gets indigenous twist"}, {"published_date": "2020-06-13", "url": "/article/idUSL4N2DQ04U", "headline": "RPT-Thousands attend <b>Black</b> <b>Lives</b> <b>Matter</b> protests across Australia"}, {"published_date": "2020-06-13", "url": "/article/idUSL4N2DQ03U", "headline": "Thousands attend <b>Black</b> <b>Lives</b> <b>Matter</b> protests across Australia"}, {"published_date": "2020-06-13", "url": "/article/idUSKBN23K062", "headline": "Australia's largest state reports first local coronavirus case in weeks"}, {"published_date": "2020-06-13", "url": "/article/idUSL4N2DQ03E", "headline": "Australia's largest state reports first local coronavirus case in weeks"}, {"published_date": "2020-06-12", "url": "/article/idUSKBN23K005", "headline": "Man charged with threatening to torch African American church in Virginia"}, {"published_date": "2020-06-12", "url": "/article/idUSKBN23J35Y", "headline": "Facebook fires employee who protested inaction on Trump posts"}, {"published_date": "2020-06-13", "url": "/article/idUSL4N2DQ04U", "headline": "RPT-Thousands attend <b>Black</b> <b>Lives</b> <b>Matter</b> protests across Australia"}, {"published_date": "2020-06-13", "url": "/article/idUSL4N2DQ03U", "headline": "Thousands attend <b>Black</b> <b>Lives</b> <b>Matter</b> protests across Australia"}, {"published_date": "2020-06-13", "url": "/article/idUSKBN23K062", "headline": "Australia's largest state reports first local coronavirus case in weeks"}, {"published_date": "2020-06-13", "url": "/article/idUSL4N2DQ03E", "headline": "Australia's largest state reports first local coronavirus case in weeks"}, {"published_date": "2020-06-12", "url": "/article/idUSKBN23K005", "headline": "Man charged with threatening to torch African American church in Virginia"}, {"published_date": "2020-06-12", "url": "/article/idUSKBN23J35Y", "headline": "Facebook fires employee who protested inaction on Trump posts"}, {"published_date": "2020-06-12", "url": "/article/idUSL1N2DP2F3", "headline": "UPDATE 2-Facebook fires employee who protested inaction on Trump posts"}, {"published_date": "2020-06-12", "url": "/article/idUSKBN23J17H", "headline": "'Stop buying social peace at our expense', French police tell government"}, {"published_date": "2020-06-12", "url": "/article/idUSKBN23J1LO", "headline": "Churchill statue boarded up ahead of expected UK protests on Saturday"}, {"published_date": "2020-06-12", "url": "/article/idUSL8N2DP2HB", "headline": "UPDATE 4-Churchill statue boarded up ahead of expected UK protests on Saturday"}, {"published_date": "2020-06-12", "url": "/article/idUSL1N2DP13S", "headline": "<b>Black</b> actors and singers to headline livestream for global gay pride"}, {"published_date": "2020-06-12", "url": "/article/idUSKBN23J2HY", "headline": "New York's Cuomo links municipal funding to police reforms to fight racism"}, {"published_date": "2020-06-12", "url": "/article/idUSKBN23J0MB", "headline": "Player names to be replaced by '<b>Black</b> <b>Lives</b> <b>Matter</b>' when Premier League resumes"}, {"published_date": "2020-06-12", "url": "/article/idUSL4N2DP3FK", "headline": "UPDATE 1-Soccer-Player names to be replaced by \"<b>Black</b> <b>Lives</b> <b>Matter</b>\" when Premier League resumes"}, {"published_date": "2020-06-12", "url": "/article/idUSKBN23J2P9", "headline": "ABC names first <b>black</b> 'Bachelor' contestant after diversity criticism"}, {"published_date": "2020-06-12", "url": "/article/idUSL1N2DP18C", "headline": "ABC names first <b>black</b> 'Bachelor' contestant after diversity criticism"}, {"published_date": "2020-06-12", "url": "/article/idUSKBN23J2BS", "headline": "Coronavirus exposes 'brutal inequality' of South Africa townships"}, {"published_date": "2020-06-12", "url": "/article/idUSL8N2DO51T", "headline": "Coronavirus exposes 'brutal inequality' of S.Africa townships"}, {"published_date": "2020-06-12", "url": "/article/idUSKBN23J1GD", "headline": "Churchill statue and war memorial boarded up before London protests"}, {"published_date": "2020-06-12", "url": "/article/idUSL8N2DP1GM", "headline": "Churchill statue and war memorial boarded up before London protests"}, {"published_date": "2020-06-12", "url": "/article/idUSKBN23J0FK", "headline": "Rio Tinto chief says sorry for sacred caves blast; Australia starts inquiry"}, {"published_date": "2020-06-12", "url": "/article/idUSL4N2DP15N", "headline": "UPDATE 1-Rio Tinto chief says sorry for sacred caves blast; Australia starts inquiry"}, {"published_date": "2020-06-12", "url": "/article/idUSKBN23J05X", "headline": "Australia eliminates coronavirus in many areas, to ease curbs"}, {"published_date": "2020-06-12", "url": "/article/idUSKBN23J0TA", "headline": "New Zealand city takes down statue of British navy commander"}, {"published_date": "2020-06-12", "url": "/article/idUSL4N2DP0VA", "headline": "UPDATE 1-Australia eliminates coronavirus in many areas, to ease curbs"}, {"published_date": "2020-06-12", "url": "/article/idUSL4N2DP14W", "headline": "Soccer-Player names to be replaced by \"<b>Black</b> <b>Lives</b> <b>Matter</b>\" when Premier League resumes"}, {"published_date": "2020-06-11", "url": "/article/idUSL4N2DO4HP", "headline": "Australian PM pushes for internal borders to be reopened"}, {"published_date": "2020-06-11", "url": "/article/idUSKBN23I3J1", "headline": "Factbox: What changes are companies making in response to George Floyd protests?"}, {"published_date": "2020-06-11", "url": "/article/idUSKBN23I3B3", "headline": "Trump plans order on policing, opposes major reforms"}, {"published_date": "2020-06-11", "url": "/article/idUSKBN23I1TU", "headline": "Gay Pride embraces its roots by teaming up with U.S. <b>black</b> activists"}, {"published_date": "2020-06-11", "url": "/article/idUSKBN23I3CY", "headline": "UK courts prepare fast-track prosecutions for <b>Black</b> <b>Lives</b> <b>Matter</b> protests: The Times"}, {"published_date": "2020-06-11", "url": "/article/idUSKBN23I325", "headline": "White Americans turn out for Floyd protests, but will they work for change?"}, {"published_date": "2020-06-11", "url": "/article/idUSKBN23I3B9", "headline": "Fact check:\u202fWashington D.C. no sufri\u00f3 un apag\u00f3n generalizado a la 1 a.m.\u202fdel 1 de junio de 2020\u202f"}, {"published_date": "2020-06-11", "url": "/article/idUSKBN23I33O", "headline": "Oklahoma City suspect who died said he couldn't breathe; police officer said 'I don't care'"}, {"published_date": "2020-06-11", "url": "/article/idUSKBN23I2SW", "headline": "Nestle explores sale of Pure Life in overhaul of water business"}, {"published_date": "2020-06-11", "url": "/article/idUSL8N2DO5D7", "headline": "UPDATE 2-Nestle explores sale of Pure Life in overhaul of water business"}, {"published_date": "2020-06-11", "url": "/article/idUSKBN23I2NA", "headline": "Afghan artists paint mural on blast wall in tribute to George Floyd"}, {"published_date": "2020-06-11", "url": "/article/idUSKBN23I2Z5", "headline": "Stormzy pledges 10 million pounds to <b>black</b> causes over the next decade"}, {"published_date": "2020-06-11", "url": "/article/idUSKBN23I2TA", "headline": "Factbox: What changes are companies making in response to George Floyd protests?"}, {"published_date": "2020-06-11", "url": "/article/idUSKBN23I2OD", "headline": "British health minister urges protesters not to attend rallies"}, {"published_date": "2020-06-11", "url": "/article/idUSS8N2C80C6", "headline": "British health minister urges protesters not to attend rallies"}, {"published_date": "2020-06-11", "url": "/article/idUSKBN23G20S", "headline": "Police, protests and politics: Georgetown professor Dyson on racism in America"}, {"published_date": "2020-06-11", "url": "/article/idUSKBN23I20Q", "headline": "PayPal pledges over $500 million to support minority-owned U.S. businesses"}, {"published_date": "2020-06-11", "url": "/article/idUSL4N2DO2P2", "headline": "Australian Rules-AFL resumes with a thriller and an anti-racism protest"}, {"published_date": "2020-06-11", "url": "/article/idUSL1N2DN351", "headline": "PayPal pledges over $500 mln to support minority-owned U.S. businesses"}, {"published_date": "2020-06-11", "url": "/article/idUSKBN23I04B", "headline": "Australian PM draws criticism for 'no slavery in Australia' comment"}, {"published_date": "2020-06-11", "url": "/article/idUSL1N2DN2TI", "headline": "Gay Pride embraces its roots by teaming up with U.S. <b>black</b> activists"}, {"published_date": "2020-06-11", "url": "/article/idUSKBN23H23K", "headline": "Toppled statue of English slave trader to be moved to a museum"}, {"published_date": "2020-06-11", "url": "/article/idUSKBN23H1NB", "headline": "George Floyd's brother decries 'a modern-day lynching' in testimony to Congress"}, {"published_date": "2020-06-11", "url": "/article/idUSKBN23I1B4", "headline": "Tigers draft Torkelson first overall, move him to 3B"}, {"published_date": "2020-06-10", "url": "/article/idUSKBN23I02P", "headline": "U.S. Soccer says it will allow protests during anthem"}, {"published_date": "2020-06-10", "url": "/article/idUSL4N2DO04F", "headline": "Australian officials warn <b>Black</b> <b>Lives</b> <b>Matter</b> protesters of potential arrest"}, {"published_date": "2020-06-10", "url": "/article/idUSL1N2DN2VJ", "headline": "Author of 'How to Be An Antiracist' urges action to support policy"}, {"published_date": "2020-06-10", "url": "/article/idUSKBN23H3AE", "headline": "'Treated like crap' - <b>Black</b> women march for equality in U.S. protests"}, {"published_date": "2020-06-10", "url": "/article/idUSL1N2DL0V0", "headline": "'Treated like crap' - <b>Black</b> women march for equality in U.S. protests"}, {"published_date": "2020-06-10", "url": "/article/idUSL1N2DN2PQ", "headline": "IN BRIEF: Perkins Coie to represent <b>Black</b> <b>Lives</b> <b>Matter</b> in lawsuit against Seattle"}, {"published_date": "2020-06-10", "url": "/article/idUSKBN23H28L", "headline": "Should we remove statues of Congo's coloniser king, Belgian councillor asks"}, {"published_date": "2020-06-10", "url": "/article/idUSKBN23H2FI", "headline": "Fact check: Police horse uninjured in London protest, didn\u2019t die of heart failure"}, {"published_date": "2020-06-10", "url": "/article/idUSL4N2DN2M8", "headline": "Soccer-Need more than hashtags, campaigns to curb racism, says Kanoute"}, {"published_date": "2020-06-10", "url": "/article/idUSKBN23H2AU", "headline": "White House defends Trump's conspiracy theory tweet on Buffalo protester"}, {"published_date": "2020-06-10", "url": "/article/idUSKBN23H28F", "headline": "Fact check: Death of six police officers did not occur during recent protests"}, {"published_date": "2020-06-10", "url": "/article/idUSKBN23H0QD", "headline": "Osaka in no mood to back down on support for <b>Black</b> <b>Lives</b> <b>Matter</b>"}, {"published_date": "2020-06-09", "url": "/article/idUSKBN23G2G5", "headline": "Fact check: El hombre que pide a una mujer blanca que se arrodille y pida perd\u00f3n no es un representante de <b>Black</b> <b>Lives</b> <b>Matter</b>"}, {"published_date": "2020-06-09", "url": "/article/idUSKBN23H078", "headline": "Factbox: Corporations pledge $1.7 billion to address racism, injustice"}, {"published_date": "2020-06-09", "url": "/article/idUSKBN23G33H", "headline": "Breakingviews - Twitter is the new, virtual picket line"}, {"published_date": "2020-06-09", "url": "/article/idUSKBN23G32M", "headline": "PGA Tour players call for social justice"}, {"published_date": "2020-06-09", "url": "/article/idUSKBN23G0WP", "headline": "Confronting a bygone era, London removes slave trader statue"}, {"published_date": "2020-06-09", "url": "/article/idUSKBN23G2XA", "headline": "Republican 'law and order' appeal prompts U.S. #IAmASuburbanMom backlash"}, {"published_date": "2020-06-09", "url": "/article/idUSKBN23G2W8", "headline": "MSG, Knicks reverse course, issue statement on racism"}, {"published_date": "2020-06-09", "url": "/article/idUSKBN23G2JJ", "headline": "Artist Banksy has new take on toppled statue of English slave trader"}, {"published_date": "2020-06-09", "url": "/article/idUSL8N2DM60Q", "headline": "UPDATE 1-Confronting a bygone era, London removes slave trader statue"}, {"published_date": "2020-06-09", "url": "/article/idUSKBN23G2QQ", "headline": "South Africans protest police brutality against poor under lockdown"}, {"published_date": "2020-06-09", "url": "/article/idUSL8N2DL54R", "headline": "S. Africans protest police brutality against poor under lockdown"}, {"published_date": "2020-06-09", "url": "/article/idUSKBN23G2EK", "headline": "British opposition leader Starmer takes a knee in support of <b>Black</b> <b>Lives</b> <b>Matter</b>"}, {"published_date": "2020-06-09", "url": "/article/idUSL8N2DM5GY", "headline": "Artist Banksy has new take on toppled statue of English slave trader"}, {"published_date": "2020-06-09", "url": "/article/idUSL8N2DM4GP", "headline": "L'Oreal offers new job to <b>black</b> transgender model sacked over race remarks"}, {"published_date": "2020-06-09", "url": "/article/idUSKBN23E0LS", "headline": "Protests roll on against 'worldwide' racism"}, {"published_date": "2020-06-09", "url": "/article/idUSKBN23G08C", "headline": "Protesters gather to mark 'million-people' march anniversary in Hong Kong"}, {"published_date": "2020-06-09", "url": "/article/idUSKBN23G1FS", "headline": "After George Floyd's death, a groundswell of religious activism"}, {"published_date": "2020-06-09", "url": "/article/idUSKBN23G161", "headline": "Beatings, racial slurs: Germany's surge in racism reports"}, {"published_date": "2020-06-09", "url": "/article/idUSKBN23F0L1", "headline": "Thousands pay tribute to George Floyd as pressure mounts for U.S. police reform"}, {"published_date": "2020-06-08", "url": "/article/idUSKBN23G0C0", "headline": "Clemson's Swinney defends reaction to coach's 2017 slur"}, {"published_date": "2020-06-08", "url": "/article/idUSKBN23F30A", "headline": "Calls to support <b>black</b> trans women rise amid U.S. protests"}, {"published_date": "2020-06-08", "url": "/article/idUSL8N2DL5X0", "headline": "Calls to support <b>black</b> trans women rise amid U.S. protests"}, {"published_date": "2020-06-08", "url": "/article/idUSKBN23F13U", "headline": "CrossFit chief sorry for tweet on Floyd killing after Reebok split"}, {"published_date": "2020-06-08", "url": "/article/idUSKBN23F158", "headline": "ABBA's Bjorn speaks out in support of <b>Black</b> <b>Lives</b> <b>Matter</b> protests"}, {"published_date": "2020-06-08", "url": "/article/idUSKBN23F2IY", "headline": "Race protests spark calls for Arab states to end 'exploitative' migrant worker system"}, {"published_date": "2020-06-08", "url": "/article/idUSKBN23E0VC", "headline": "Historic Oakland <b>black</b> book store sells out of books on racial discrimination"}, {"published_date": "2020-06-08", "url": "/article/idUSKBN23F2GL", "headline": "Fact check: Churchill statue defaced in London BLM protest, but social media posts show images from 2000 and 2010"}, {"published_date": "2020-06-08", "url": "/article/idUSKBN23F2FD", "headline": "Toppling of UK statue fuels debate on monuments to slave traders"}, {"published_date": "2020-06-08", "url": "/article/idUSKBN23F2F0", "headline": "Calls grow for police to be banned from Pride marches"}, {"published_date": "2020-06-08", "url": "/article/idUSL8N2DL45P", "headline": "Calls grow for police to be banned from Pride marches"}, {"published_date": "2020-06-08", "url": "/article/idUSKBN23F2BR", "headline": "Motor racing: Hamilton supports protesters who tore down slave trader's statue"}, {"published_date": "2020-06-08", "url": "/article/idUSKBN23F1VX", "headline": "Glasgow streets 'renamed' after <b>black</b> people in anti-racism protest"}, {"published_date": "2020-06-08", "url": "/article/idUSL4N2DL2UH", "headline": "Motor racing-Hamilton supports protesters who tore down slave trader's statue"}, {"published_date": "2020-06-08", "url": "/article/idUSKBN23F1PQ", "headline": "'Enough is enough': South African opposition leads protests outside U.S. missions"}, {"published_date": "2020-06-08", "url": "/article/idUSKBN23F26B", "headline": "Britain's interior minister says violent protestors should face justice"}, {"published_date": "2020-06-08", "url": "/article/idUSKBN23F261", "headline": "Fact check: Lincoln Memorial in D.C. has not been covered in graffiti and defaced"}, {"published_date": "2020-06-08", "url": "/article/idUSS8N2CC08P", "headline": "Britain's interior minister says violent protestors should face justice"}, {"published_date": "2020-06-08", "url": "/article/idUSKBN23E0UM", "headline": "Floyd's death spurs 'Gen Z' activists to set up new D.C. rights group"}, {"published_date": "2020-06-08", "url": "/article/idUSL4N2DL2UH", "headline": "Motor racing-Hamilton supports protesters who tore down slave trader's statue"}, {"published_date": "2020-06-08", "url": "/article/idUSKBN23F1PQ", "headline": "'Enough is enough': South African opposition leads protests outside U.S. missions"}, {"published_date": "2020-06-08", "url": "/article/idUSKBN23F26B", "headline": "Britain's interior minister says violent protestors should face justice"}, {"published_date": "2020-06-08", "url": "/article/idUSKBN23F261", "headline": "Fact check: Lincoln Memorial in D.C. has not been covered in graffiti and defaced"}, {"published_date": "2020-06-08", "url": "/article/idUSS8N2CC08P", "headline": "Britain's interior minister says violent protestors should face justice"}, {"published_date": "2020-06-08", "url": "/article/idUSKBN23E0UM", "headline": "Floyd's death spurs 'Gen Z' activists to set up new D.C. rights group"}, {"published_date": "2020-06-08", "url": "/article/idUSKBN23F1WL", "headline": "Fact check: Chick-fil-A did not distribute \u201cBack the Blue\u201d shirts in response to recent <b>Black</b> <b>Lives</b> <b>Matter</b> protests"}, {"published_date": "2020-06-08", "url": "/article/idUSKBN23F1UV", "headline": "Fact check:\u00a0One Chick-fil-A restaurant\u2019s email on protests not representative of company\u2019s\u00a0guidance\u00a0\u00a0"}, {"published_date": "2020-06-08", "url": "/article/idUSL8N2DL356", "headline": "\"Enough is enough\": South African opposition leads protests outside U.S. missions"}, {"published_date": "2020-06-08", "url": "/article/idUSKBN23C1A7", "headline": "Emboldened protesters march again, demanding police reforms after Floyd killing"}, {"published_date": "2020-06-08", "url": "/article/idUSL4N2DL24J", "headline": "UPDATE 1-CrossFit chief sorry for tweet on Floyd killing after Reebok split"}, {"published_date": "2020-06-08", "url": "/article/idUSL8N2DL23F", "headline": "ABBA's Bjorn speaks out in support of <b>Black</b> <b>Lives</b> <b>Matter</b> protests"}, {"published_date": "2020-06-08", "url": "/article/idUSKBN23E0A3", "headline": "Tens of thousands join <b>Black</b> <b>Lives</b> <b>Matter</b> protest in London"}, {"published_date": "2020-06-07", "url": "/article/idUSKBN23E08T", "headline": "K-pop boyband BTS' fans match group's $1 million donation to <b>Black</b> <b>Lives</b> <b>Matter</b>"}, {"published_date": "2020-06-07", "url": "/article/idUSKBN23E0QF", "headline": "In violent Rio, U.S. protests stoke backlash against deadly cops"}, {"published_date": "2020-06-07", "url": "/article/idUSL4N2DL0JQ", "headline": "UPDATE 1-K-pop boyband BTS' fans match group's $1 million donation to <b>Black</b> <b>Lives</b> <b>Matter</b>"}, {"published_date": "2020-06-07", "url": "/article/idUSL8N2DK07Y", "headline": "UPDATE 5-Tens of thousands join <b>Black</b> <b>Lives</b> <b>Matter</b> protest in London"}, {"published_date": "2020-06-07", "url": "/article/idUSKBN23E0W0", "headline": "Soccer: Manchester City's Sterling backs anti-racism protests"}, {"published_date": "2020-06-07", "url": "/article/idUSKBN23E0VU", "headline": "Slave trader's statue torn down in UK amid global inequality protests"}, {"published_date": "2020-06-07", "url": "/article/idUSL1N2DK093", "headline": "Historic Oakland <b>black</b> book store sells out of books on racial discrimination"}, {"published_date": "2020-06-07", "url": "/article/idUSKBN23E0J0", "headline": "Thailand holds Zoom protest for <b>Black</b> <b>Lives</b> <b>Matter</b> movement"}, {"published_date": "2020-06-07", "url": "/article/idUSL4N2DI2C8", "headline": "Thailand holds Zoom protest for <b>Black</b> <b>Lives</b> <b>Matter</b> movement"}, {"published_date": "2020-06-07", "url": "/article/idUSL4N2DK0A5", "headline": "RPT-South Korean boyband BTS donates $1 million to <b>Black</b> <b>Lives</b> <b>Matter</b>"}, {"published_date": "2020-06-07", "url": "/article/idUSL8N2DK06N", "headline": "Bollywood faces flak for protesting racism while backing skin lightening"}, {"published_date": "2020-06-07", "url": "/article/idUSL4N2DK05U", "headline": "South Korean boyband BTS donates $1 million to <b>Black</b> <b>Lives</b> <b>Matter</b>"}, {"published_date": "2020-06-07", "url": "/article/idUSKBN23E08D", "headline": "Dozens in Hong Kong protest U.S. police violence"}, {"published_date": "2020-06-07", "url": "/article/idUSKBN23E07C", "headline": "Australian minister calls anti-racism protests \"self-indulgent\""}, {"published_date": "2020-06-07", "url": "/article/idUSL4N2DK04R", "headline": "Australian minister calls anti-racism protests \"self-indulgent\""}, {"published_date": "2020-06-07", "url": "/article/idUSKBN23D0X2", "headline": "'Enough is Enough': Jamaicans protest in support of George Floyd"}, {"published_date": "2020-06-06", "url": "/article/idUSKBN23E009", "headline": "Broncos players, coaches, execs lead protest in Denver"}, {"published_date": "2020-06-06", "url": "/article/idUSL1N2DJ0AN", "headline": "\"Enough is Enough\": Jamaicans protest in support of George Floyd"}, {"published_date": "2020-06-06", "url": "/article/idUSKBN23D0W6", "headline": "World boxing champion Joshua attends march, says racism is a pandemic"}, {"published_date": "2020-06-06", "url": "/article/idUSKBN23D0SS", "headline": "UK anti-racism protesters clash with mounted police"}, {"published_date": "2020-06-06", "url": "/article/idUSKBN23D0BO", "headline": "Protests worldwide embrace <b>Black</b> <b>Lives</b> <b>Matter</b> movement"}, {"published_date": "2020-06-06", "url": "/article/idUSL4N2DJ03T", "headline": "UPDATE 4-Protests worldwide embrace <b>Black</b> <b>Lives</b> <b>Matter</b> movement"}, {"published_date": "2020-06-06", "url": "/article/idUSL4N2DJ03G", "headline": "WRAPUP 5-Thousands take to Washington streets in protest against U.S. police violence"}, {"published_date": "2020-06-06", "url": "/article/idUSKBN23C28Z", "headline": "Protests against police violence sweep across small-town America"}, {"published_date": "2020-06-06", "url": "/article/idUSKBN23D0H9", "headline": "'Am I going to get shot?' kids ask, as brands try to explain racism and violence to children"}, {"published_date": "2020-06-06", "url": "/article/idUSL1N2DJ077", "headline": "UPDATE 1-'Am I going to get shot?' kids ask, as brands try to explain racism and violence to children"}, {"published_date": "2020-06-06", "url": "/article/idUSKBN23D0JG", "headline": "Kurdish case becomes rallying cry for Japan protest against police"}, {"published_date": "2020-06-06", "url": "/article/idUSKBN23D0J2", "headline": "Washington Mayor Bowser, 'unbought and unbossed,' challenges Trump"}, {"published_date": "2020-06-06", "url": "/article/idUSL1N2DI28H", "headline": "'Am I going to get shot?' kids ask, as brands try to explain racism and violence to children"}, {"published_date": "2020-06-06", "url": "/article/idUSKBN23D08Q", "headline": "Thousands in Australia rally against racism defying public health rules"}, {"published_date": "2020-06-06", "url": "/article/idUSL4N2DJ02P", "headline": "Protests in Australia, Japan embrace '<b>Black</b> <b>Lives</b> <b>Matter</b>' movement"}, {"published_date": "2020-06-06", "url": "/article/idUSL4N2DJ02L", "headline": "UPDATE 1-Thousands in Australia rally against racism defying public health rules"}, {"published_date": "2020-06-06", "url": "/article/idUSL1N2DI0Y4", "headline": "WRAPUP 9-Democratic U.S. politicians urge police reform as protesters march for 11th day"}, {"published_date": "2020-06-06", "url": "/article/idUSL4N2DJ020", "headline": "REFILE-Thousands in Australia defy bans at <b>Black</b> <b>Lives</b> <b>Matter</b> protests"}, {"published_date": "2020-06-05", "url": "/article/idUSKBN23C36B", "headline": "'We were wrong': NFL commissioner regrets stance on player protests, condemns racism"}, {"published_date": "2020-06-05", "url": "/article/idUSKBN23D038", "headline": "<b>Black</b> girls and supporters surf around the world to honor George Floyd"}, {"published_date": "2020-06-05", "url": "/article/idUSKBN23D00O", "headline": "Brazil's Supreme Court halts police raids in Rio's favelas during pandemic"}, {"published_date": "2020-06-05", "url": "/article/idUSKBN23C011", "headline": "Facebook limits spread of 'Boogaloo' groups amid protests"}, {"published_date": "2020-06-05", "url": "/article/idUSL1N2DI1NP", "headline": "UPDATE 1-Facebook limits spread of 'Boogaloo' groups amid protests"}, {"published_date": "2020-06-05", "url": "/article/idUSKBN23C289", "headline": "'Your Pain Is My Pain': global anti-racism protests rage"}, {"published_date": "2020-06-05", "url": "/article/idUSL8N2DI4LG", "headline": "UPDATE 1-'Your Pain Is My Pain': global anti-racism protests rage"}, {"published_date": "2020-06-05", "url": "/article/idUSKBN23C1JO", "headline": "Factbox: Where are people around the world protesting over George Floyd?"}, {"published_date": "2020-06-05", "url": "/article/idUSL8N2DI22Z", "headline": "FACTBOX-Where are people around the world protesting over George Floyd?"}, {"published_date": "2020-06-05", "url": "/article/idUSKBN23C28B", "headline": "Race protests turn spotlight on rights of indigenous Australians"}, {"published_date": "2020-06-05", "url": "/article/idUSL8N2DI41G", "headline": "\"Your Pain Is My Pain\": global anti-racism protests rage"}, {"published_date": "2020-06-05", "url": "/article/idUSKBN23C0LM", "headline": "What you need to know about the coronavirus right now"}, {"published_date": "2020-06-05", "url": "/article/idUSKBN23C1EN", "headline": "<b>Black</b> <b>Lives</b> <b>Matter</b> rallies Papuan activists in Indonesia"}, {"published_date": "2020-06-04", "url": "/article/idUSKBN23C088", "headline": "'How it's going ...' Goldman executive's email on racial inequality in America"}, {"published_date": "2020-06-04", "url": "/article/idUSKBN23C0AF", "headline": "Australia's most populous state files suit to stop <b>Black</b> <b>Lives</b> <b>Matter</b> protest"}, {"published_date": "2020-06-04", "url": "/article/idUSS9N2D700J", "headline": "Australia's most populous state files suit to stop <b>Black</b> <b>Lives</b> <b>Matter</b> protest"}, {"published_date": "2020-06-04", "url": "/article/idUSL4N2DI03O", "headline": "TEXT-'How it's going ...' Goldman executive's email on racial inequality in America"}, {"published_date": "2020-06-04", "url": "/article/idUSS9N2CO024", "headline": "Australia PM tells locals to avoid <b>Black</b> <b>Lives</b> <b>Matter</b> protests due to COVID-19 threat"}, {"published_date": "2020-06-04", "url": "/article/idUSL1N2DH2R1", "headline": "Facebook moves to limit spread of 'Boogaloo' groups after charges"}, {"published_date": "2020-06-04", "url": "/article/idUSKBN23B31G", "headline": "Virginia governor banishes statue of Civil War General Lee"}, {"published_date": "2020-06-04", "url": "/article/idUSKBN23B3FB", "headline": "Children speak up at George Floyd memorial amid their parents' hopes and fears"}, {"published_date": "2020-06-04", "url": "/article/idUSKBN23B359", "headline": "Fact check: Man asking white woman to kneel and apologize is not a representative of <b>Black</b> <b>Lives</b> <b>Matter</b>"}, {"published_date": "2020-06-04", "url": "/article/idUSKBN23B38R", "headline": "Anti-racism protest targets British PM Johnson's aide Cummings"}, {"published_date": "2020-06-04", "url": "/article/idUSL8N2DH6OZ", "headline": "Anti-racism protest targets British PM Johnson's aide Cummings"}, {"published_date": "2020-06-04", "url": "/article/idUSKBN23B2LL", "headline": "Special Report: How union, Supreme Court shield Minneapolis cops"}, {"published_date": "2020-06-04", "url": "/article/idUSKBN23B316", "headline": "Tennis star Gauff demands change amid protests over Floyd death"}, {"published_date": "2020-06-04", "url": "/article/idUSKBN23A1FY", "headline": "New charges against Minneapolis policemen as protests continue"}, {"published_date": "2020-06-04", "url": "/article/idUSKBN23A06I", "headline": "Hackers and hucksters reinvigorate 'Anonymous' brand amid protests"}, {"published_date": "2020-06-04", "url": "/article/idUSKBN23B29C", "headline": "'Violence provokes violence', Mandela Foundation says in support of U.S. protests"}, {"published_date": "2020-06-04", "url": "/article/idUSKBN23B22I", "headline": "Protests lead brands to speak out against racism. But will they act?"}, {"published_date": "2020-06-04", "url": "/article/idUSL8N2DG5HD", "headline": "Protests lead brands to speak out against racism. But will they act?"}, {"published_date": "2020-06-04", "url": "/article/idUSL8N2DF5GR", "headline": "CORRECTED-UPDATE 2-Protests over George Floyd's death expose raw race relations worldwide"}, {"published_date": "2020-06-04", "url": "/article/idUSKBN23B1BO", "headline": "Sweden urges protesters to take it online during pandemic"}, {"published_date": "2020-06-04", "url": "/article/idUSL8N2DH26R", "headline": "Sweden urges protesters to take it online during pandemic"}, {"published_date": "2020-06-04", "url": "/article/idUSKBN23B0SB", "headline": "<b>Black</b> <b>lives</b> <b>matter</b> says Meghan, calling U.S. events 'devastating'"}, {"published_date": "2020-06-03", "url": "/article/idUSKBN23A1XS", "headline": "'No justice, no peace': Tens of thousands in London protest death of Floyd"}, {"published_date": "2020-06-03", "url": "/article/idUSKBN23A3FG", "headline": "Obama calls on all U.S. mayors to pursue policing reforms in wake of protests"}, {"published_date": "2020-06-03", "url": "/article/idUSKBN23A3FX", "headline": "UCLA complains Jackie Robinson Stadium used as 'field jail' for civil rights protesters"}, {"published_date": "2020-06-03", "url": "/article/idUSKBN23A34Z", "headline": "Thousands defy pandemic ban to join Stockholm protest over U.S. police violence"}, {"published_date": "2020-06-03", "url": "/article/idUSKBN23A0JW", "headline": "French police disperse crowd marking 2016 death of <b>black</b> man"}, {"published_date": "2020-06-03", "url": "/article/idUSKBN23A2ZL", "headline": "Greek demonstrators hurl firebombs towards U.S. embassy in Athens"}, {"published_date": "2020-06-03", "url": "/article/idUSL8N2DG60L", "headline": "Thousands defy pandemic ban to join Stockholm protest over U.S. police violence"}, {"published_date": "2020-06-03", "url": "/article/idUSKBN23A2V9", "headline": "'We got to act': Minnesota ex-felon finds purpose at George Floyd memorial"}, {"published_date": "2020-06-03", "url": "/article/idUSKBN2392PE", "headline": "Protests over George Floyd's death expose raw race relations worldwide"}, {"published_date": "2020-06-03", "url": "/article/idUSL8N2DG3ZA", "headline": "UPDATE 4-'No justice, no peace': Tens of thousands in London protest death of Floyd"}, {"published_date": "2020-06-03", "url": "/article/idUSL1N2DG1NH", "headline": "UPDATE 1-Hackers and hucksters reinvigorate 'Anonymous' brand amid protests"}, {"published_date": "2020-06-03", "url": "/article/idUSS8N2D404M", "headline": "\"No justice, no peace\": Thousands gather in London after death of Floyd"}, {"published_date": "2020-06-03", "url": "/article/idUSKBN23A1WO", "headline": "Move over Marvel: migrant workers star as superheroes in Latino comic book"}, {"published_date": "2020-06-03", "url": "/article/idUSKBN23A1RW", "headline": "Of course <b>black</b> <b>lives</b> <b>matter</b>, says British PM Johnson"}, {"published_date": "2020-06-03", "url": "/article/idUSS8N2B5001", "headline": "Of course <b>black</b> <b>lives</b> <b>matter</b>, says British PM Johnson"}, {"published_date": "2020-06-03", "url": "/article/idUSL8N2DF4N0", "headline": "Move over Marvel: migrant workers star as superheroes in Latino comic book"}, {"published_date": "2020-06-03", "url": "/article/idUSKBN23A0UU", "headline": "'Big Three' join #BlackoutTuesday campaign against racial injustice"}, {"published_date": "2020-06-02", "url": "/article/idUSL1N2DF2CP", "headline": "Hackers and hucksters reinvigorate 'Anonymous' brand amid protests"}]