[{"published_date": "2020-05-31", "url": "https://www.foxnews.com/us/george-floyd-cities-brace-riots-national-guard-troops-mobilize", "headline": "George Floyd unrest: Riots, fires, violence escalate in several major ..."}, {"published_date": "2020-05-28", "url": "https://www.foxnews.com/us/who-is-george-floyd-minnesota", "headline": "George Floyd case: Family, friends describe him as 'gentle giant ..."}, {"published_date": "2020-06-06", "url": "https://www.foxnews.com/world/george-floyd-blm-protests-take-place-on-3-continents", "headline": "George Floyd, BLM protests take place on 3 continents | Fox News"}, {"published_date": "2020-05-29", "url": "https://www.foxnews.com/us/minnesota-gov-tim-walz-on-george-floyd-violence", "headline": "Minneapolis cop who knelt on handcuffed black man George Floyd ..."}, {"published_date": "2020-06-10", "url": "https://www.foxnews.com/us/george-floyd-derek-chauvin-had-run-ins-while-working-security-at-a-nightclub-former-co-worker-says", "headline": "George Floyd, Derek Chauvin had run-ins while working security at ..."}, {"published_date": "2020-05-31", "url": "https://www.foxnews.com/us/george-floyd-fired-officer-derek-chauvin-worked-at-same-minneapolis-nightclub", "headline": "George Floyd, fired officer Derek Chauvin worked at same ..."}, {"published_date": "2020-06-02", "url": "https://www.foxnews.com/us/illinois-man-accused-of-passing-out-explosives-at-minneapolis-george-floyd-protest", "headline": "Illinois man accused of passing out explosives at Minneapolis ..."}, {"published_date": "2020-05-29", "url": "https://www.foxnews.com/politics/george-floyd-case-revives-debate-on-qualified-immunity-for-government-officials", "headline": "George Floyd case revives 'qualified immunity' debate, as Supreme ..."}, {"published_date": "2020-06-01", "url": "https://www.foxnews.com/us/george-floyd-cuomo-de-blasio-nyc-curfew", "headline": "George Floyd riots: Cuomo, de Blasio announce NYC curfew | Fox ..."}, {"published_date": "2020-05-28", "url": "https://www.foxnews.com/us/st-paul-police-disperse-looters-protests-george-floyd-death-twin-cities", "headline": "George Floyd unrest in Minnesota: Feds, law enforcement call for ..."}, {"published_date": "2020-05-28", "url": "https://www.foxnews.com/us/st-paul-police-disperse-looters-protests-george-floyd-death-twin-cities", "headline": "George Floyd unrest in Minnesota: Feds, law enforcement call for ..."}, {"published_date": "2020-05-28", "url": "https://www.foxnews.com/sports/colin-kaepernick-george-floyd-case-tweet-reaction", "headline": "Colin Kaepernick on George Floyd case: 'When civility leads to ..."}, {"published_date": "2020-07-13", "url": "https://www.foxnews.com/us/pennsylvania-allentown-police-officer-kneel-neck-george-floyd", "headline": "Pennsylvania cop kneeling on man's neck draws comparisons to ..."}, {"published_date": "2020-05-31", "url": "https://www.foxnews.com/politics/sen-tim-scott-trumps-tweets-on-george-floyd-protests-not-constructive", "headline": "Sen. Tim Scott: Trump's tweets on George Floyd protests 'not ..."}, {"published_date": "2020-05-31", "url": "https://www.foxnews.com/politics/susan-rice-suggests-russians-behind-violent-george-floyd-demonstrations", "headline": "Susan Rice makes claim Russians could be behind violent George ..."}, {"published_date": "2020-05-28", "url": "https://www.foxnews.com/us/george-floyd-case-two-minneapolis-cops-caught-on-tape-have-history-of-conduct-complaints", "headline": "George Floyd case: Two Minneapolis cops caught on tape have ..."}, {"published_date": "2020-06-11", "url": "https://www.foxnews.com/politics/surgeon-general-jerome-adams-george-floyd-could-have-been-me", "headline": "Surgeon General Jerome Adams on George Floyd: 'That could have ..."}, {"published_date": "2020-06-05", "url": "https://www.foxnews.com/media/mainstream-media-trumps-great-day-george-floyd-remarks", "headline": "Mainstream media falsely frames Trump's 'great day' George Floyd ..."}, {"published_date": "2020-06-01", "url": "https://www.foxnews.com/us/george-floyd-riots-looting-destroy", "headline": "George Floyd unrest: How riot groups come together to loot, destroy ..."}, {"published_date": "2020-06-09", "url": "https://www.foxnews.com/us/george-floyd-funeral-burial-houston", "headline": "Mourners say goodbye to George Floyd in emotional funeral service ..."}, {"published_date": "2020-06-10", "url": "https://www.foxnews.com/politics/george-floyds-brother-to-testify-at-house-hearing-on-police-brutality-as-defund-the-police-efforts-gain-steam", "headline": "George Floyd's brother testifies at House hearing on police brutality ..."}, {"published_date": "2020-05-27", "url": "https://www.foxnews.com/politics/trump-george-floyd-death", "headline": "Trump says he's ordered DOJ, FBI to investigate George Floyd's ..."}, {"published_date": "2020-05-28", "url": "https://www.foxnews.com/opinion/george-floyd-mourned-enemy-jack-brewer", "headline": "Jack Brewer: George Floyd must be mourned -- and we must ..."}, {"published_date": "2020-05-29", "url": "https://www.foxnews.com/us/george-floyd-family-enlists-dr-michael-baden-to-perform-second-autopsy", "headline": "George Floyd family enlists Dr. Michael Baden to perform second ..."}, {"published_date": "2020-05-30", "url": "https://www.foxnews.com/politics/george-floyd-ag-barr-justice-nationwide-protests", "headline": "George Floyd case: AG Barr promises 'justice will be served' amid ..."}, {"published_date": "2020-05-30", "url": "https://www.foxnews.com/us/george-floyd-death-here-are-the-cities-protesting", "headline": "George Floyd death: The cities where people are protesting and ..."}, {"published_date": "2020-06-02", "url": "https://www.foxnews.com/food-drink/pizza-restaurant-pto-george-floyd-protests", "headline": "&pizza restaurant chain offers paid time off for activism amid George ..."}, {"published_date": "2020-05-29", "url": "https://www.foxnews.com/media/cnn-headquarters-atlanta-vandalized-protesters-george-floyd-death", "headline": "CNN headquarters in Atlanta vandalized by protesters after George ..."}, {"published_date": "2020-05-31", "url": "https://www.foxnews.com/us/santa-monica-riots-looting-george-floyd-protests", "headline": "Santa Monica faces riots, looting amid George Floyd protests | Fox ..."}, {"published_date": "2020-06-01", "url": "https://www.foxnews.com/us/george-floyd-riots-escalate-nationwide-carnage-near-the-white-house", "headline": "George Floyd riots escalate nationwide, carnage near the White ..."}, {"published_date": "2020-06-08", "url": "https://www.foxnews.com/entertainment/mark-wahlberg-george-floyd-tribute-backfries-racially-charged-crimes", "headline": "Mark Wahlberg's George Floyd tribute slammed as people remind ..."}, {"published_date": "2020-05-28", "url": "https://www.foxnews.com/media/mercedes-colwin-george-floyd-police-charges-death", "headline": "What charges could Minneapolis police officers face for George ..."}, {"published_date": "2020-05-31", "url": "https://www.foxnews.com/politics/biden-condemns-riots-over-george-floyd-death-calls-for-end-to-needless-destruction", "headline": "Biden condemns riots over George Floyd death, calls for end to ..."}, {"published_date": "2020-05-28", "url": "https://www.foxnews.com/media/nbc-news-george-floyd-coverage", "headline": "NBC allegedly tells reporters not to use word 'riots' in George Floyd ..."}, {"published_date": "2020-06-07", "url": "https://www.foxnews.com/opinion/george-floyd-defund-police-curtis-hill", "headline": "Curtis Hill: Defund police in response to George Floyd killing? It's an ..."}, {"published_date": "2020-06-07", "url": "https://www.foxnews.com/us/george-floyd-brother-philonise-congress-hearing-police-brutality", "headline": "George Floyd's brother to testify before Congress in police brutality ..."}, {"published_date": "2020-06-05", "url": "https://www.foxnews.com/media/broadcast-nets-spend-over-700-minutes-on-protests-just-5-minutes-on-riot-deaths", "headline": "Broadcast nets spend over 700 minutes on George Floyd protests, 5 ..."}, {"published_date": "2020-06-03", "url": "https://www.foxnews.com/us/george-floyd-curfews-cities-protests-riots", "headline": "George Floyd unrest: Police out in force in major cities to tamp down ..."}, {"published_date": "2020-05-26", "url": "https://www.foxnews.com/us/fbi-called-in-to-investigate-death-of-black-man-in-minneapolis-after-video-surfaces-on-social-media-of-white-officer-kneeling-on-his-neck", "headline": "4 Minneapolis officers fired in death of black man after video shows ..."}, {"published_date": "2020-06-14", "url": "https://www.foxnews.com/media/george-floyd-brother-philonise-defund-police-calls-dismissed", "headline": "George Floyd's brother Philonise tells police: 'You can do your job ..."}, {"published_date": "2020-06-04", "url": "https://www.foxnews.com/us/george-floyd-memorial-minneapolis-al-sharpton-eric-garner-mother", "headline": "Hundreds, including Al Sharpton, Eric Garner's mom, mourn at ..."}, {"published_date": "2020-05-30", "url": "https://www.foxnews.com/sports/nike-ad-george-floyd-death-dont-do-it", "headline": "Nike releases ad in wake of George Floyd death: 'For once, Don't Do ..."}, {"published_date": "2020-06-20", "url": "https://www.foxnews.com/us/second-fired-minneapolis-cop-linked-to-george-floyd-case-released-on-bail-reports", "headline": "Second fired Minneapolis cop linked to George Floyd case released ..."}, {"published_date": "2020-06-16", "url": "https://www.foxnews.com/us/minneapolis-911-dispatcher-concerns-george-floyd-arrest", "headline": "Minneapolis 911 dispatcher raised concerns during George Floyd ..."}, {"published_date": "2020-05-29", "url": "https://www.foxnews.com/politics/barr-says-federal-investigation-of-george-floyd-proceeding-quickly", "headline": "Barr says federal investigation of George Floyd 'proceeding quickly ..."}, {"published_date": "2020-06-01", "url": "https://www.foxnews.com/sports/chris-beaty-indiana-football-killed-george-floyd-indianapolis-riots", "headline": "Former Indiana football player shot, killed during violent George ..."}, {"published_date": "2020-06-06", "url": "https://www.foxnews.com/us/nypd-292-officers-injured-floyd-protests", "headline": "NYPD says 292 officers injured during George Floyd protests, as ..."}, {"published_date": "2020-06-07", "url": "https://www.foxnews.com/politics/new-york-city-lifting-curfew-george-floyd-protests-de-blasio", "headline": "New York City lifting curfew early amid George Floyd protests, de ..."}, {"published_date": "2020-06-05", "url": "https://www.foxnews.com/us/george-floyd-gofundme-donation-record", "headline": "George Floyd GoFundMe surpasses $13 million, breaks donation ..."}, {"published_date": "2020-06-07", "url": "https://www.foxnews.com/us/george-floyd-protests-mitt-romney-ilhan-omar-police", "headline": "Omar, Romney among lawmakers joining George Floyd protests ..."}, {"published_date": "2020-05-31", "url": "https://www.foxnews.com/entertainment/lana-del-ray-george-floyd-looting-video-backlash", "headline": "Lana Del Rey facing backlash for posting minute-long George Floyd ..."}, {"published_date": "2020-06-06", "url": "https://www.foxnews.com/entertainment/live-pd-cops-pulled-from-tv-george-floyd", "headline": "'Live PD,' 'Cops' pulled from TV in the wake of George Floyd's death ..."}, {"published_date": "2020-05-31", "url": "https://www.foxnews.com/politics/minnesota-attorney-general-keith-ellison-will-lead-prosecution-in-george-floyd-case-governor-says", "headline": "Minnesota Attorney General Keith Ellison will lead prosecution in ..."}, {"published_date": "2020-05-31", "url": "https://www.foxnews.com/opinion/george-floyd-death-us-vs-them-policing-changes-healing-juan-williams", "headline": "Juan Williams: George Floyd death \u2013 No more us vs. them policing ..."}, {"published_date": "2020-05-28", "url": "https://www.foxnews.com/us/los-angeles-protest-erupts-over-george-floyd-death-american-flag-burned-hwy-101-blocked", "headline": "Los Angeles protest erupts over George Floyd death; American flag ..."}, {"published_date": "2020-06-07", "url": "https://www.foxnews.com/media/howard-safir-de-blasio-nyc-war-zone-george-floyd", "headline": "De Blasio will be remembered for turning NYC into 'war zone' in ..."}, {"published_date": "2020-06-01", "url": "https://www.foxnews.com/media/dr-michael-baden-george-floyd-autopsy-report", "headline": "Dr. Michael Baden says George Floyd was dead 'many minutes ..."}, {"published_date": "2020-05-28", "url": "https://www.foxnews.com/us/armed-citizens-guard-stores-amid-looting-in-minneapolis-report", "headline": "Deadly shooting near George Floyd protest as looting, arson grip ..."}, {"published_date": "2020-05-30", "url": "https://www.foxnews.com/politics/trump-vows-to-stop-mob-violence", "headline": "Trump vows to stop 'mob violence' amid riots over George Floyd ..."}, {"published_date": "2020-06-09", "url": "https://www.foxnews.com/us/floyd-minneapolis-ministry-memorial", "headline": "Ministries hold daily services at site of George Floyd's death: 'From ..."}, {"published_date": "2020-07-08", "url": "https://www.foxnews.com/us/george-floyd-minneapolis-derek-chauvin-transcripts", "headline": "Derek Chauvin told George Floyd it takes 'a lot of oxygen' to talk ..."}, {"published_date": "2020-06-09", "url": "https://www.foxnews.com/us/floyd-minneapolis-ministry-memorial", "headline": "Ministries hold daily services at site of George Floyd's death: 'From ..."}, {"published_date": "2020-06-08", "url": "https://www.foxnews.com/opinion/george-floyd-riots-jonathan-bean", "headline": "Jonathan Bean: Riots after Floyd death similar to 1960s riots ..."}, {"published_date": "2020-06-04", "url": "https://www.foxnews.com/politics/cdc-director-george-floyd-protests-could-be-coronavirus-seeding-event", "headline": "CDC Director: George Floyd protests could be coronavirus 'seeding ..."}, {"published_date": "2020-06-04", "url": "https://www.foxnews.com/opinion/george-floyd-protests-served-purpose-now-problem-solve-gov-kristi-noem", "headline": "Gov. Kristi Noem: George Floyd protests \u2013 They served their ..."}, {"published_date": "2020-05-28", "url": "https://www.foxnews.com/media/george-floyd-protests-social-media-footage", "headline": "George Floyd protests: Video footage goes viral on social media ..."}, {"published_date": "2020-05-29", "url": "https://www.foxnews.com/sports/eagles-carson-wentz-zach-ertz-george-floyd-case", "headline": "Eagles' Carson Wentz, Zach Ertz speak out on George Floyd case ..."}, {"published_date": "2020-05-29", "url": "https://www.foxnews.com/us/live-updates-riots-break-out-across-america-after-george-floyd-death", "headline": "LIVE UPDATES: Riots break out across America after George Floyd ..."}, {"published_date": "2020-06-02", "url": "https://www.foxnews.com/us/minneapolis-store-owner-called-police-george-floyd-wouldnt-do-it-again", "headline": "Owner of Minneapolis store that called police on George Floyd says ..."}, {"published_date": "2020-05-28", "url": "https://www.foxnews.com/sports/minnesotas-pro-sports-teams-mourn-deathgeorge-floyd", "headline": "Minnesota's pro sports teams mourn death of George Floyd | Fox News"}, {"published_date": "2020-05-28", "url": "https://www.foxnews.com/us/protests-erupt-in-minneapolis-memphis-and-los-angeles-over-george-floyds-death", "headline": "George Floyd case: Protests erupt across the country after ..."}, {"published_date": "2020-07-21", "url": "https://www.foxnews.com/us/george-floyd-death-minnesota-judge-lifts-gag-order-in-case-against-former-police-officers", "headline": "George Floyd death: Minnesota judge lifts gag order in case against ..."}, {"published_date": "2020-06-29", "url": "https://www.foxnews.com/entertainment/bet-awards-dababy-reenacting-george-floyd-death-clashes-police-protesters", "headline": "DaBaby reenacts George Floyd's death during BET Awards ..."}, {"published_date": "2020-06-05", "url": "https://www.foxnews.com/media/mainstream-media-trumps-great-day-george-floyd-remarks", "headline": "Mainstream media falsely frames Trump's 'great day' George Floyd ..."}, {"published_date": "2020-06-11", "url": "https://www.foxnews.com/politics/pelosi-pledges-police-reform-to-george-floyds-brother-it-will-be-passed", "headline": "Pelosi pledges police reform to George Floyd's brother: 'It will be ..."}, {"published_date": "2020-05-31", "url": "https://www.foxnews.com/sports/lebron-james-george-floyd-why-doesnt-america-love-us-too", "headline": "LeBron James asks, 'Why Doesn't America Love US,' amid George ..."}, {"published_date": "2020-06-08", "url": "https://www.foxnews.com/food-drink/santa-barbara-restaurant-changes-name-sambos-george-floyd-protests", "headline": "Santa Barbara restaurant changes name amid George Floyd ..."}, {"published_date": "2020-06-01", "url": "https://www.foxnews.com/us/lawyer-for-george-floyds-family-wants-charges-upgraded", "headline": "Lawyer for George Floyd's family wants charges upgraded | Fox News"}, {"published_date": "2020-05-31", "url": "https://www.foxnews.com/politics/george-floyd-unrest-big-city-mayors-coronavirus-lockdowns", "headline": "Big-city Dems who had imposed strict coronavirus lockdowns now ..."}, {"published_date": "2020-06-02", "url": "https://www.foxnews.com/us/4-st-louis-police-officers-shot-at-george-floyd-protests-still-taking-fire", "headline": "4 St. Louis police officers shot at George Floyd protests, still taking ..."}, {"published_date": "2020-05-30", "url": "https://www.foxnews.com/opinion/george-floyds-senseless-killing-end-racism-americas-cancer-kay-coles-james", "headline": "Kay Coles James: George Floyd's senseless killing \u2013 end racism ..."}, {"published_date": "2020-05-31", "url": "https://www.foxnews.com/sports/michael-jordan-george-floyd-reaction-we-have-had-enough", "headline": "Michael Jordan on death of George Floyd: 'We have had enough ..."}, {"published_date": "2020-05-31", "url": "https://www.foxnews.com/us/florida-coral-gables-police-protesters-pray-together-george-floyd-unrest", "headline": "Miami-area police, protesters pray together amid George Floyd ..."}, {"published_date": "2020-06-03", "url": "https://www.foxnews.com/opinion/george-floyd-rioting-biden-doesnt-understand-safety-stupid-liz-peek", "headline": "Liz Peek: George Floyd rioting \u2013 Biden doesn't get it. It's the safety ..."}, {"published_date": "2020-05-27", "url": "https://www.foxnews.com/us/police-protesters-clash-thousands-demonstrate-minnesota-streets-over-death-george-floyd", "headline": "Protesters clash with Minneapolis police after George Floyd's death ..."}, {"published_date": "2020-06-08", "url": "https://www.foxnews.com/us/bail-set-for-derek-chauvin-ex-police-officer-charged-with-second-degree-murder-of-george-floyd", "headline": "Bail set for Derek Chauvin, ex-police officer charged with second ..."}, {"published_date": "2020-06-02", "url": "https://www.foxnews.com/opinion/george-floyd-death-riots-sicken-me-riots-who-speaks-for-me-michael-levin", "headline": "Michael Levin: George Floyd's death sickens me, so do riots. That's ..."}, {"published_date": "2020-05-28", "url": "https://www.foxnews.com/politics/trump-was-very-upset-after-watching-george-floyd-video-mcenany-says", "headline": "Trump was 'very upset' after watching George Floyd video, McEnany ..."}, {"published_date": "2020-05-30", "url": "https://www.foxnews.com/us/philadelphia-protests-of-george-floyd-death-turn-violent-mayor-kenney-curfew", "headline": "Philadelphia protests of George Floyd death turn violent as mayor ..."}, {"published_date": "2020-06-15", "url": "https://www.foxnews.com/us/2-missing-george-floyd-protesters-found-murdered-in-florida-suspect-arrested", "headline": "2 missing George Floyd protesters found murdered in Florida ..."}, {"published_date": "2020-06-08", "url": "https://www.foxnews.com/us/bail-set-for-derek-chauvin-ex-police-officer-charged-with-second-degree-murder-of-george-floyd", "headline": "Bail set for Derek Chauvin, ex-police officer charged with second ..."}, {"published_date": "2020-05-30", "url": "https://www.foxnews.com/us/philadelphia-protests-of-george-floyd-death-turn-violent-mayor-kenney-curfew", "headline": "Philadelphia protests of George Floyd death turn violent as mayor ..."}, {"published_date": "2020-06-15", "url": "https://www.foxnews.com/us/2-missing-george-floyd-protesters-found-murdered-in-florida-suspect-arrested", "headline": "2 missing George Floyd protesters found murdered in Florida ..."}, {"published_date": "2020-05-27", "url": "https://www.foxnews.com/entertainment/ice-cube-reacts-death-george-floyd", "headline": "Ice Cube reacts to death of George Floyd: 'How long ... before we ..."}, {"published_date": "2020-06-02", "url": "https://www.foxnews.com/us/chicago-george-floyd-unrest-more-fires-1968-riots", "headline": "Chicago's George Floyd unrest sees more fires than 1968 riots ..."}, {"published_date": "2020-06-29", "url": "https://www.foxnews.com/politics/george-floyd-protests-expensive-civil-disturbance-us-history", "headline": "George Floyd protests could be most expensive civil disturbance in ..."}, {"published_date": "2020-06-03", "url": "https://www.foxnews.com/food-drink/ben-jerrys-statement-george-floyd-death-dismantle-white-supremacy", "headline": "Ben & Jerry's issues lengthy statement in response to George Floyd ..."}, {"published_date": "2020-06-05", "url": "https://www.foxnews.com/tech/george-floyd-social-media-police-brutality-fake-accounts", "headline": "More than half of social media posts about George Floyd, police ..."}, {"published_date": "2020-06-03", "url": "https://www.foxnews.com/us/floyd-positive-coronavirus-no-symptoms", "headline": "George Floyd tested positive for coronavirus but showed no ..."}, {"published_date": "2020-05-29", "url": "https://www.foxnews.com/opinion/newt-gingrich-anger-over-george-floyds-killing-is-justified-rioting-is-not-and-should-have-been-prevented", "headline": "Newt Gingrich: Anger is justified over George Floyd's killing \u2013 rioting ..."}]